slot,pointId,lat,lng,currentSpeedKph,freeFlowSpeedKph,speedRatio,delaySeconds,regime
morning-rush,p-1-1,45.73885,21.20974,52,52,1,0,free
mid-morning,p-1-1,45.73885,21.20974,52,52,1,0,free
midday,p-1-1,45.73885,21.20974,52,52,1,0,free
afternoon-rush,p-1-1,45.73885,21.20974,52,52,1,0,free
evening,p-1-1,45.73885,21.20974,52,52,1,0,free
night,p-1-1,45.73885,21.20974,52,52,1,0,free
morning-rush,p-1-1,45.73879,21.20978,52,52,1,0,free
mid-morning,p-1-1,45.73879,21.20978,52,52,1,0,free
midday,p-1-1,45.73879,21.20978,52,52,1,0,free
afternoon-rush,p-1-1,45.73879,21.20978,52,52,1,0,free
evening,p-1-1,45.73879,21.20978,52,52,1,0,free
night,p-1-1,45.73879,21.20978,52,52,1,0,free
morning-rush,p-1-1,45.73874,21.2098,52,52,1,0,free
mid-morning,p-1-1,45.73874,21.2098,52,52,1,0,free
midday,p-1-1,45.73874,21.2098,52,52,1,0,free
afternoon-rush,p-1-1,45.73874,21.2098,52,52,1,0,free
evening,p-1-1,45.73874,21.2098,52,52,1,0,free
night,p-1-1,45.73874,21.2098,52,52,1,0,free
morning-rush,p-1-1,45.73867,21.2098,52,52,1,0,free
mid-morning,p-1-1,45.73867,21.2098,52,52,1,0,free
midday,p-1-1,45.73867,21.2098,52,52,1,0,free
afternoon-rush,p-1-1,45.73867,21.2098,52,52,1,0,free
evening,p-1-1,45.73867,21.2098,52,52,1,0,free
night,p-1-1,45.73867,21.2098,52,52,1,0,free
morning-rush,p-1-1,45.73852,21.20978,52,52,1,0,free
mid-morning,p-1-1,45.73852,21.20978,52,52,1,0,free
midday,p-1-1,45.73852,21.20978,52,52,1,0,free
afternoon-rush,p-1-1,45.73852,21.20978,52,52,1,0,free
evening,p-1-1,45.73852,21.20978,52,52,1,0,free
night,p-1-1,45.73852,21.20978,52,52,1,0,free
morning-rush,p-1-1,45.73837,21.20975,52,52,1,0,free
mid-morning,p-1-1,45.73837,21.20975,52,52,1,0,free
midday,p-1-1,45.73837,21.20975,52,52,1,0,free
afternoon-rush,p-1-1,45.73837,21.20975,52,52,1,0,free
evening,p-1-1,45.73837,21.20975,52,52,1,0,free
night,p-1-1,45.73837,21.20975,52,52,1,0,free
morning-rush,p-1-1,45.73823,21.20972,52,52,1,0,free
mid-morning,p-1-1,45.73823,21.20972,52,52,1,0,free
midday,p-1-1,45.73823,21.20972,52,52,1,0,free
afternoon-rush,p-1-1,45.73823,21.20972,52,52,1,0,free
evening,p-1-1,45.73823,21.20972,52,52,1,0,free
night,p-1-1,45.73823,21.20972,52,52,1,0,free
morning-rush,p-1-1,45.73791,21.20967,52,52,1,0,free
mid-morning,p-1-1,45.73791,21.20967,52,52,1,0,free
midday,p-1-1,45.73791,21.20967,52,52,1,0,free
afternoon-rush,p-1-1,45.73791,21.20967,52,52,1,0,free
evening,p-1-1,45.73791,21.20967,52,52,1,0,free
night,p-1-1,45.73791,21.20967,52,52,1,0,free
morning-rush,p-1-1,45.73768,21.20963,52,52,1,0,free
mid-morning,p-1-1,45.73768,21.20963,52,52,1,0,free
midday,p-1-1,45.73768,21.20963,52,52,1,0,free
afternoon-rush,p-1-1,45.73768,21.20963,52,52,1,0,free
evening,p-1-1,45.73768,21.20963,52,52,1,0,free
night,p-1-1,45.73768,21.20963,52,52,1,0,free
morning-rush,p-1-1,45.73712,21.20954,52,52,1,0,free
mid-morning,p-1-1,45.73712,21.20954,52,52,1,0,free
midday,p-1-1,45.73712,21.20954,52,52,1,0,free
afternoon-rush,p-1-1,45.73712,21.20954,52,52,1,0,free
evening,p-1-1,45.73712,21.20954,52,52,1,0,free
night,p-1-1,45.73712,21.20954,52,52,1,0,free
morning-rush,p-1-1,45.73683,21.2095,52,52,1,0,free
mid-morning,p-1-1,45.73683,21.2095,52,52,1,0,free
midday,p-1-1,45.73683,21.2095,52,52,1,0,free
afternoon-rush,p-1-1,45.73683,21.2095,52,52,1,0,free
evening,p-1-1,45.73683,21.2095,52,52,1,0,free
night,p-1-1,45.73683,21.2095,52,52,1,0,free
morning-rush,p-1-1,45.73656,21.20945,52,52,1,0,free
mid-morning,p-1-1,45.73656,21.20945,52,52,1,0,free
midday,p-1-1,45.73656,21.20945,52,52,1,0,free
afternoon-rush,p-1-1,45.73656,21.20945,52,52,1,0,free
evening,p-1-1,45.73656,21.20945,52,52,1,0,free
night,p-1-1,45.73656,21.20945,52,52,1,0,free
morning-rush,p-1-1,45.73646,21.20943,52,52,1,0,free
mid-morning,p-1-1,45.73646,21.20943,52,52,1,0,free
midday,p-1-1,45.73646,21.20943,52,52,1,0,free
afternoon-rush,p-1-1,45.73646,21.20943,52,52,1,0,free
evening,p-1-1,45.73646,21.20943,52,52,1,0,free
night,p-1-1,45.73646,21.20943,52,52,1,0,free
morning-rush,p-1-1,45.73615,21.20937,52,52,1,0,free
mid-morning,p-1-1,45.73615,21.20937,52,52,1,0,free
midday,p-1-1,45.73615,21.20937,52,52,1,0,free
afternoon-rush,p-1-1,45.73615,21.20937,52,52,1,0,free
evening,p-1-1,45.73615,21.20937,52,52,1,0,free
night,p-1-1,45.73615,21.20937,52,52,1,0,free
morning-rush,p-1-1,45.73605,21.20935,52,52,1,0,free
mid-morning,p-1-1,45.73605,21.20935,52,52,1,0,free
midday,p-1-1,45.73605,21.20935,52,52,1,0,free
afternoon-rush,p-1-1,45.73605,21.20935,52,52,1,0,free
evening,p-1-1,45.73605,21.20935,52,52,1,0,free
night,p-1-1,45.73605,21.20935,52,52,1,0,free
morning-rush,p-1-1,45.73559,21.20926,52,52,1,0,free
mid-morning,p-1-1,45.73559,21.20926,52,52,1,0,free
midday,p-1-1,45.73559,21.20926,52,52,1,0,free
afternoon-rush,p-1-1,45.73559,21.20926,52,52,1,0,free
evening,p-1-1,45.73559,21.20926,52,52,1,0,free
night,p-1-1,45.73559,21.20926,52,52,1,0,free
morning-rush,p-1-1,45.73476,21.20912,52,52,1,0,free
mid-morning,p-1-1,45.73476,21.20912,52,52,1,0,free
midday,p-1-1,45.73476,21.20912,52,52,1,0,free
afternoon-rush,p-1-1,45.73476,21.20912,52,52,1,0,free
evening,p-1-1,45.73476,21.20912,52,52,1,0,free
night,p-1-1,45.73476,21.20912,52,52,1,0,free
morning-rush,p-1-1,45.73396,21.20897,52,52,1,0,free
mid-morning,p-1-1,45.73396,21.20897,52,52,1,0,free
midday,p-1-1,45.73396,21.20897,52,52,1,0,free
afternoon-rush,p-1-1,45.73396,21.20897,52,52,1,0,free
evening,p-1-1,45.73396,21.20897,52,52,1,0,free
night,p-1-1,45.73396,21.20897,52,52,1,0,free
morning-rush,p-1-1,45.7338,21.20893,52,52,1,0,free
mid-morning,p-1-1,45.7338,21.20893,52,52,1,0,free
midday,p-1-1,45.7338,21.20893,52,52,1,0,free
afternoon-rush,p-1-1,45.7338,21.20893,52,52,1,0,free
evening,p-1-1,45.7338,21.20893,52,52,1,0,free
night,p-1-1,45.7338,21.20893,52,52,1,0,free
morning-rush,p-1-3,45.73709,21.20962,40,40,1,0,free
mid-morning,p-1-3,45.73709,21.20962,40,40,1,0,free
midday,p-1-3,45.73709,21.20962,40,40,1,0,free
afternoon-rush,p-1-3,45.73709,21.20962,40,40,1,0,free
evening,p-1-3,45.73709,21.20962,40,40,1,0,free
night,p-1-3,45.73709,21.20962,40,40,1,0,free
morning-rush,p-1-3,45.73728,21.20966,40,40,1,0,free
mid-morning,p-1-3,45.73728,21.20966,40,40,1,0,free
midday,p-1-3,45.73728,21.20966,40,40,1,0,free
afternoon-rush,p-1-3,45.73728,21.20966,40,40,1,0,free
evening,p-1-3,45.73728,21.20966,40,40,1,0,free
night,p-1-3,45.73728,21.20966,40,40,1,0,free
morning-rush,p-1-3,45.73767,21.20972,40,40,1,0,free
mid-morning,p-1-3,45.73767,21.20972,40,40,1,0,free
midday,p-1-3,45.73767,21.20972,40,40,1,0,free
afternoon-rush,p-1-3,45.73767,21.20972,40,40,1,0,free
evening,p-1-3,45.73767,21.20972,40,40,1,0,free
night,p-1-3,45.73767,21.20972,40,40,1,0,free
morning-rush,p-1-3,45.7379,21.20976,40,40,1,0,free
mid-morning,p-1-3,45.7379,21.20976,40,40,1,0,free
midday,p-1-3,45.7379,21.20976,40,40,1,0,free
afternoon-rush,p-1-3,45.7379,21.20976,40,40,1,0,free
evening,p-1-3,45.7379,21.20976,40,40,1,0,free
night,p-1-3,45.7379,21.20976,40,40,1,0,free
morning-rush,p-1-3,45.73822,21.20982,40,40,1,0,free
mid-morning,p-1-3,45.73822,21.20982,40,40,1,0,free
midday,p-1-3,45.73822,21.20982,40,40,1,0,free
afternoon-rush,p-1-3,45.73822,21.20982,40,40,1,0,free
evening,p-1-3,45.73822,21.20982,40,40,1,0,free
night,p-1-3,45.73822,21.20982,40,40,1,0,free
morning-rush,p-1-3,45.73852,21.20987,40,40,1,0,free
mid-morning,p-1-3,45.73852,21.20987,40,40,1,0,free
midday,p-1-3,45.73852,21.20987,40,40,1,0,free
afternoon-rush,p-1-3,45.73852,21.20987,40,40,1,0,free
evening,p-1-3,45.73852,21.20987,40,40,1,0,free
night,p-1-3,45.73852,21.20987,40,40,1,0,free
morning-rush,p-1-3,45.7387,21.2099,40,40,1,0,free
mid-morning,p-1-3,45.7387,21.2099,40,40,1,0,free
midday,p-1-3,45.7387,21.2099,40,40,1,0,free
afternoon-rush,p-1-3,45.7387,21.2099,40,40,1,0,free
evening,p-1-3,45.7387,21.2099,40,40,1,0,free
night,p-1-3,45.7387,21.2099,40,40,1,0,free
morning-rush,p-1-3,45.73878,21.2099,40,40,1,0,free
mid-morning,p-1-3,45.73878,21.2099,40,40,1,0,free
midday,p-1-3,45.73878,21.2099,40,40,1,0,free
afternoon-rush,p-1-3,45.73878,21.2099,40,40,1,0,free
evening,p-1-3,45.73878,21.2099,40,40,1,0,free
night,p-1-3,45.73878,21.2099,40,40,1,0,free
morning-rush,p-1-3,45.73882,21.20991,40,40,1,0,free
mid-morning,p-1-3,45.73882,21.20991,40,40,1,0,free
midday,p-1-3,45.73882,21.20991,40,40,1,0,free
afternoon-rush,p-1-3,45.73882,21.20991,40,40,1,0,free
evening,p-1-3,45.73882,21.20991,40,40,1,0,free
night,p-1-3,45.73882,21.20991,40,40,1,0,free
morning-rush,p-1-3,45.73885,21.20992,40,40,1,0,free
mid-morning,p-1-3,45.73885,21.20992,40,40,1,0,free
midday,p-1-3,45.73885,21.20992,40,40,1,0,free
afternoon-rush,p-1-3,45.73885,21.20992,40,40,1,0,free
evening,p-1-3,45.73885,21.20992,40,40,1,0,free
night,p-1-3,45.73885,21.20992,40,40,1,0,free
morning-rush,p-1-3,45.73887,21.20996,40,40,1,0,free
mid-morning,p-1-3,45.73887,21.20996,40,40,1,0,free
midday,p-1-3,45.73887,21.20996,40,40,1,0,free
afternoon-rush,p-1-3,45.73887,21.20996,40,40,1,0,free
evening,p-1-3,45.73887,21.20996,40,40,1,0,free
night,p-1-3,45.73887,21.20996,40,40,1,0,free
morning-rush,p-1-3,45.73889,21.21,40,40,1,0,free
mid-morning,p-1-3,45.73889,21.21,40,40,1,0,free
midday,p-1-3,45.73889,21.21,40,40,1,0,free
afternoon-rush,p-1-3,45.73889,21.21,40,40,1,0,free
evening,p-1-3,45.73889,21.21,40,40,1,0,free
night,p-1-3,45.73889,21.21,40,40,1,0,free
morning-rush,p-1-3,45.73893,21.21002,40,40,1,0,free
mid-morning,p-1-3,45.73893,21.21002,40,40,1,0,free
midday,p-1-3,45.73893,21.21002,40,40,1,0,free
afternoon-rush,p-1-3,45.73893,21.21002,40,40,1,0,free
evening,p-1-3,45.73893,21.21002,40,40,1,0,free
night,p-1-3,45.73893,21.21002,40,40,1,0,free
morning-rush,p-1-3,45.73898,21.21005,40,40,1,0,free
mid-morning,p-1-3,45.73898,21.21005,40,40,1,0,free
midday,p-1-3,45.73898,21.21005,40,40,1,0,free
afternoon-rush,p-1-3,45.73898,21.21005,40,40,1,0,free
evening,p-1-3,45.73898,21.21005,40,40,1,0,free
night,p-1-3,45.73898,21.21005,40,40,1,0,free
morning-rush,p-1-3,45.73903,21.21006,40,40,1,0,free
mid-morning,p-1-3,45.73903,21.21006,40,40,1,0,free
midday,p-1-3,45.73903,21.21006,40,40,1,0,free
afternoon-rush,p-1-3,45.73903,21.21006,40,40,1,0,free
evening,p-1-3,45.73903,21.21006,40,40,1,0,free
night,p-1-3,45.73903,21.21006,40,40,1,0,free
morning-rush,p-1-3,45.73907,21.21006,40,40,1,0,free
mid-morning,p-1-3,45.73907,21.21006,40,40,1,0,free
midday,p-1-3,45.73907,21.21006,40,40,1,0,free
afternoon-rush,p-1-3,45.73907,21.21006,40,40,1,0,free
evening,p-1-3,45.73907,21.21006,40,40,1,0,free
night,p-1-3,45.73907,21.21006,40,40,1,0,free
morning-rush,p-1-3,45.73912,21.21005,40,40,1,0,free
mid-morning,p-1-3,45.73912,21.21005,40,40,1,0,free
midday,p-1-3,45.73912,21.21005,40,40,1,0,free
afternoon-rush,p-1-3,45.73912,21.21005,40,40,1,0,free
evening,p-1-3,45.73912,21.21005,40,40,1,0,free
night,p-1-3,45.73912,21.21005,40,40,1,0,free
morning-rush,p-1-3,45.73918,21.21004,40,40,1,0,free
mid-morning,p-1-3,45.73918,21.21004,40,40,1,0,free
midday,p-1-3,45.73918,21.21004,40,40,1,0,free
afternoon-rush,p-1-3,45.73918,21.21004,40,40,1,0,free
evening,p-1-3,45.73918,21.21004,40,40,1,0,free
night,p-1-3,45.73918,21.21004,40,40,1,0,free
morning-rush,p-1-4,45.73466,21.22534,55,55,1,0,free
mid-morning,p-1-4,45.73466,21.22534,55,55,1,0,free
midday,p-1-4,45.73466,21.22534,55,55,1,0,free
afternoon-rush,p-1-4,45.73466,21.22534,55,55,1,0,free
evening,p-1-4,45.73466,21.22534,55,55,1,0,free
night,p-1-4,45.73466,21.22534,55,55,1,0,free
morning-rush,p-1-4,45.73425,21.22425,55,55,1,0,free
mid-morning,p-1-4,45.73425,21.22425,55,55,1,0,free
midday,p-1-4,45.73425,21.22425,55,55,1,0,free
afternoon-rush,p-1-4,45.73425,21.22425,55,55,1,0,free
evening,p-1-4,45.73425,21.22425,55,55,1,0,free
night,p-1-4,45.73425,21.22425,55,55,1,0,free
morning-rush,p-1-4,45.73416,21.22402,55,55,1,0,free
mid-morning,p-1-4,45.73416,21.22402,55,55,1,0,free
midday,p-1-4,45.73416,21.22402,55,55,1,0,free
afternoon-rush,p-1-4,45.73416,21.22402,55,55,1,0,free
evening,p-1-4,45.73416,21.22402,55,55,1,0,free
night,p-1-4,45.73416,21.22402,55,55,1,0,free
morning-rush,p-1-5,45.73724,21.23343,53,53,1,0,free
mid-morning,p-1-5,45.73724,21.23343,53,53,1,0,free
midday,p-1-5,45.73724,21.23343,53,53,1,0,free
afternoon-rush,p-1-5,45.73724,21.23343,53,53,1,0,free
evening,p-1-5,45.73724,21.23343,53,53,1,0,free
night,p-1-5,45.73724,21.23343,53,53,1,0,free
morning-rush,p-1-5,45.73711,21.23303,53,53,1,0,free
mid-morning,p-1-5,45.73711,21.23303,53,53,1,0,free
midday,p-1-5,45.73711,21.23303,53,53,1,0,free
afternoon-rush,p-1-5,45.73711,21.23303,53,53,1,0,free
evening,p-1-5,45.73711,21.23303,53,53,1,0,free
night,p-1-5,45.73711,21.23303,53,53,1,0,free
morning-rush,p-1-5,45.73697,21.23256,53,53,1,0,free
mid-morning,p-1-5,45.73697,21.23256,53,53,1,0,free
midday,p-1-5,45.73697,21.23256,53,53,1,0,free
afternoon-rush,p-1-5,45.73697,21.23256,53,53,1,0,free
evening,p-1-5,45.73697,21.23256,53,53,1,0,free
night,p-1-5,45.73697,21.23256,53,53,1,0,free
morning-rush,p-1-5,45.73689,21.23232,53,53,1,0,free
mid-morning,p-1-5,45.73689,21.23232,53,53,1,0,free
midday,p-1-5,45.73689,21.23232,53,53,1,0,free
afternoon-rush,p-1-5,45.73689,21.23232,53,53,1,0,free
evening,p-1-5,45.73689,21.23232,53,53,1,0,free
night,p-1-5,45.73689,21.23232,53,53,1,0,free
morning-rush,p-1-5,45.73678,21.23194,53,53,1,0,free
mid-morning,p-1-5,45.73678,21.23194,53,53,1,0,free
midday,p-1-5,45.73678,21.23194,53,53,1,0,free
afternoon-rush,p-1-5,45.73678,21.23194,53,53,1,0,free
evening,p-1-5,45.73678,21.23194,53,53,1,0,free
night,p-1-5,45.73678,21.23194,53,53,1,0,free
morning-rush,p-1-5,45.73664,21.23147,53,53,1,0,free
mid-morning,p-1-5,45.73664,21.23147,53,53,1,0,free
midday,p-1-5,45.73664,21.23147,53,53,1,0,free
afternoon-rush,p-1-5,45.73664,21.23147,53,53,1,0,free
evening,p-1-5,45.73664,21.23147,53,53,1,0,free
night,p-1-5,45.73664,21.23147,53,53,1,0,free
morning-rush,p-1-5,45.73651,21.23095,53,53,1,0,free
mid-morning,p-1-5,45.73651,21.23095,53,53,1,0,free
midday,p-1-5,45.73651,21.23095,53,53,1,0,free
afternoon-rush,p-1-5,45.73651,21.23095,53,53,1,0,free
evening,p-1-5,45.73651,21.23095,53,53,1,0,free
night,p-1-5,45.73651,21.23095,53,53,1,0,free
morning-rush,p-2-1,45.7496,21.20252,28,35,0.8,21,light
mid-morning,p-2-1,45.7496,21.20252,28,35,0.8,21,light
midday,p-2-1,45.7496,21.20252,28,35,0.8,21,light
afternoon-rush,p-2-1,45.7496,21.20252,28,35,0.8,21,light
evening,p-2-1,45.7496,21.20252,28,35,0.8,21,light
night,p-2-1,45.7496,21.20252,28,35,0.8,21,light
morning-rush,p-2-1,45.74954,21.20256,28,35,0.8,21,light
mid-morning,p-2-1,45.74954,21.20256,28,35,0.8,21,light
midday,p-2-1,45.74954,21.20256,28,35,0.8,21,light
afternoon-rush,p-2-1,45.74954,21.20256,28,35,0.8,21,light
evening,p-2-1,45.74954,21.20256,28,35,0.8,21,light
night,p-2-1,45.74954,21.20256,28,35,0.8,21,light
morning-rush,p-2-1,45.74927,21.20272,28,35,0.8,21,light
mid-morning,p-2-1,45.74927,21.20272,28,35,0.8,21,light
midday,p-2-1,45.74927,21.20272,28,35,0.8,21,light
afternoon-rush,p-2-1,45.74927,21.20272,28,35,0.8,21,light
evening,p-2-1,45.74927,21.20272,28,35,0.8,21,light
night,p-2-1,45.74927,21.20272,28,35,0.8,21,light
morning-rush,p-2-1,45.74886,21.20301,28,35,0.8,21,light
mid-morning,p-2-1,45.74886,21.20301,28,35,0.8,21,light
midday,p-2-1,45.74886,21.20301,28,35,0.8,21,light
afternoon-rush,p-2-1,45.74886,21.20301,28,35,0.8,21,light
evening,p-2-1,45.74886,21.20301,28,35,0.8,21,light
night,p-2-1,45.74886,21.20301,28,35,0.8,21,light
morning-rush,p-2-1,45.74873,21.2031,28,35,0.8,21,light
mid-morning,p-2-1,45.74873,21.2031,28,35,0.8,21,light
midday,p-2-1,45.74873,21.2031,28,35,0.8,21,light
afternoon-rush,p-2-1,45.74873,21.2031,28,35,0.8,21,light
evening,p-2-1,45.74873,21.2031,28,35,0.8,21,light
night,p-2-1,45.74873,21.2031,28,35,0.8,21,light
morning-rush,p-2-1,45.74846,21.20329,28,35,0.8,21,light
mid-morning,p-2-1,45.74846,21.20329,28,35,0.8,21,light
midday,p-2-1,45.74846,21.20329,28,35,0.8,21,light
afternoon-rush,p-2-1,45.74846,21.20329,28,35,0.8,21,light
evening,p-2-1,45.74846,21.20329,28,35,0.8,21,light
night,p-2-1,45.74846,21.20329,28,35,0.8,21,light
morning-rush,p-2-1,45.74832,21.20338,28,35,0.8,21,light
mid-morning,p-2-1,45.74832,21.20338,28,35,0.8,21,light
midday,p-2-1,45.74832,21.20338,28,35,0.8,21,light
afternoon-rush,p-2-1,45.74832,21.20338,28,35,0.8,21,light
evening,p-2-1,45.74832,21.20338,28,35,0.8,21,light
night,p-2-1,45.74832,21.20338,28,35,0.8,21,light
morning-rush,p-2-1,45.74793,21.20366,28,35,0.8,21,light
mid-morning,p-2-1,45.74793,21.20366,28,35,0.8,21,light
midday,p-2-1,45.74793,21.20366,28,35,0.8,21,light
afternoon-rush,p-2-1,45.74793,21.20366,28,35,0.8,21,light
evening,p-2-1,45.74793,21.20366,28,35,0.8,21,light
night,p-2-1,45.74793,21.20366,28,35,0.8,21,light
morning-rush,p-2-1,45.74749,21.20396,28,35,0.8,21,light
mid-morning,p-2-1,45.74749,21.20396,28,35,0.8,21,light
midday,p-2-1,45.74749,21.20396,28,35,0.8,21,light
afternoon-rush,p-2-1,45.74749,21.20396,28,35,0.8,21,light
evening,p-2-1,45.74749,21.20396,28,35,0.8,21,light
night,p-2-1,45.74749,21.20396,28,35,0.8,21,light
morning-rush,p-2-1,45.74609,21.20495,28,35,0.8,21,light
mid-morning,p-2-1,45.74609,21.20495,28,35,0.8,21,light
midday,p-2-1,45.74609,21.20495,28,35,0.8,21,light
afternoon-rush,p-2-1,45.74609,21.20495,28,35,0.8,21,light
evening,p-2-1,45.74609,21.20495,28,35,0.8,21,light
night,p-2-1,45.74609,21.20495,28,35,0.8,21,light
morning-rush,p-2-1,45.74597,21.20503,28,35,0.8,21,light
mid-morning,p-2-1,45.74597,21.20503,28,35,0.8,21,light
midday,p-2-1,45.74597,21.20503,28,35,0.8,21,light
afternoon-rush,p-2-1,45.74597,21.20503,28,35,0.8,21,light
evening,p-2-1,45.74597,21.20503,28,35,0.8,21,light
night,p-2-1,45.74597,21.20503,28,35,0.8,21,light
morning-rush,p-2-1,45.74574,21.20519,28,35,0.8,21,light
mid-morning,p-2-1,45.74574,21.20519,28,35,0.8,21,light
midday,p-2-1,45.74574,21.20519,28,35,0.8,21,light
afternoon-rush,p-2-1,45.74574,21.20519,28,35,0.8,21,light
evening,p-2-1,45.74574,21.20519,28,35,0.8,21,light
night,p-2-1,45.74574,21.20519,28,35,0.8,21,light
morning-rush,p-2-1,45.74566,21.20525,28,35,0.8,21,light
mid-morning,p-2-1,45.74566,21.20525,28,35,0.8,21,light
midday,p-2-1,45.74566,21.20525,28,35,0.8,21,light
afternoon-rush,p-2-1,45.74566,21.20525,28,35,0.8,21,light
evening,p-2-1,45.74566,21.20525,28,35,0.8,21,light
night,p-2-1,45.74566,21.20525,28,35,0.8,21,light
morning-rush,p-2-1,45.74487,21.20579,28,35,0.8,21,light
mid-morning,p-2-1,45.74487,21.20579,28,35,0.8,21,light
midday,p-2-1,45.74487,21.20579,28,35,0.8,21,light
afternoon-rush,p-2-1,45.74487,21.20579,28,35,0.8,21,light
evening,p-2-1,45.74487,21.20579,28,35,0.8,21,light
night,p-2-1,45.74487,21.20579,28,35,0.8,21,light
morning-rush,p-2-1,45.74427,21.20619,28,35,0.8,21,light
mid-morning,p-2-1,45.74427,21.20619,28,35,0.8,21,light
midday,p-2-1,45.74427,21.20619,28,35,0.8,21,light
afternoon-rush,p-2-1,45.74427,21.20619,28,35,0.8,21,light
evening,p-2-1,45.74427,21.20619,28,35,0.8,21,light
night,p-2-1,45.74427,21.20619,28,35,0.8,21,light
morning-rush,p-2-2,45.73931,21.20982,34,34,1,0,free
mid-morning,p-2-2,45.73931,21.20982,34,34,1,0,free
midday,p-2-2,45.73931,21.20982,34,34,1,0,free
afternoon-rush,p-2-2,45.73931,21.20982,34,34,1,0,free
evening,p-2-2,45.73931,21.20982,34,34,1,0,free
night,p-2-2,45.73931,21.20982,34,34,1,0,free
morning-rush,p-2-2,45.73955,21.20965,34,34,1,0,free
mid-morning,p-2-2,45.73955,21.20965,34,34,1,0,free
midday,p-2-2,45.73955,21.20965,34,34,1,0,free
afternoon-rush,p-2-2,45.73955,21.20965,34,34,1,0,free
evening,p-2-2,45.73955,21.20965,34,34,1,0,free
night,p-2-2,45.73955,21.20965,34,34,1,0,free
morning-rush,p-2-2,45.73979,21.20949,34,34,1,0,free
mid-morning,p-2-2,45.73979,21.20949,34,34,1,0,free
midday,p-2-2,45.73979,21.20949,34,34,1,0,free
afternoon-rush,p-2-2,45.73979,21.20949,34,34,1,0,free
evening,p-2-2,45.73979,21.20949,34,34,1,0,free
night,p-2-2,45.73979,21.20949,34,34,1,0,free
morning-rush,p-2-2,45.73999,21.20935,34,34,1,0,free
mid-morning,p-2-2,45.73999,21.20935,34,34,1,0,free
midday,p-2-2,45.73999,21.20935,34,34,1,0,free
afternoon-rush,p-2-2,45.73999,21.20935,34,34,1,0,free
evening,p-2-2,45.73999,21.20935,34,34,1,0,free
night,p-2-2,45.73999,21.20935,34,34,1,0,free
morning-rush,p-2-2,45.74008,21.20929,34,34,1,0,free
mid-morning,p-2-2,45.74008,21.20929,34,34,1,0,free
midday,p-2-2,45.74008,21.20929,34,34,1,0,free
afternoon-rush,p-2-2,45.74008,21.20929,34,34,1,0,free
evening,p-2-2,45.74008,21.20929,34,34,1,0,free
night,p-2-2,45.74008,21.20929,34,34,1,0,free
morning-rush,p-2-2,45.74109,21.2086,34,34,1,0,free
mid-morning,p-2-2,45.74109,21.2086,34,34,1,0,free
midday,p-2-2,45.74109,21.2086,34,34,1,0,free
afternoon-rush,p-2-2,45.74109,21.2086,34,34,1,0,free
evening,p-2-2,45.74109,21.2086,34,34,1,0,free
night,p-2-2,45.74109,21.2086,34,34,1,0,free
morning-rush,p-2-2,45.74154,21.20829,34,34,1,0,free
mid-morning,p-2-2,45.74154,21.20829,34,34,1,0,free
midday,p-2-2,45.74154,21.20829,34,34,1,0,free
afternoon-rush,p-2-2,45.74154,21.20829,34,34,1,0,free
evening,p-2-2,45.74154,21.20829,34,34,1,0,free
night,p-2-2,45.74154,21.20829,34,34,1,0,free
morning-rush,p-2-2,45.74218,21.20785,34,34,1,0,free
mid-morning,p-2-2,45.74218,21.20785,34,34,1,0,free
midday,p-2-2,45.74218,21.20785,34,34,1,0,free
afternoon-rush,p-2-2,45.74218,21.20785,34,34,1,0,free
evening,p-2-2,45.74218,21.20785,34,34,1,0,free
night,p-2-2,45.74218,21.20785,34,34,1,0,free
morning-rush,p-2-2,45.74231,21.20777,34,34,1,0,free
mid-morning,p-2-2,45.74231,21.20777,34,34,1,0,free
midday,p-2-2,45.74231,21.20777,34,34,1,0,free
afternoon-rush,p-2-2,45.74231,21.20777,34,34,1,0,free
evening,p-2-2,45.74231,21.20777,34,34,1,0,free
night,p-2-2,45.74231,21.20777,34,34,1,0,free
morning-rush,p-2-2,45.74235,21.20774,34,34,1,0,free
mid-morning,p-2-2,45.74235,21.20774,34,34,1,0,free
midday,p-2-2,45.74235,21.20774,34,34,1,0,free
afternoon-rush,p-2-2,45.74235,21.20774,34,34,1,0,free
evening,p-2-2,45.74235,21.20774,34,34,1,0,free
night,p-2-2,45.74235,21.20774,34,34,1,0,free
morning-rush,p-2-2,45.74255,21.2076,34,34,1,0,free
mid-morning,p-2-2,45.74255,21.2076,34,34,1,0,free
midday,p-2-2,45.74255,21.2076,34,34,1,0,free
afternoon-rush,p-2-2,45.74255,21.2076,34,34,1,0,free
evening,p-2-2,45.74255,21.2076,34,34,1,0,free
night,p-2-2,45.74255,21.2076,34,34,1,0,free
morning-rush,p-2-2,45.74274,21.20747,34,34,1,0,free
mid-morning,p-2-2,45.74274,21.20747,34,34,1,0,free
midday,p-2-2,45.74274,21.20747,34,34,1,0,free
afternoon-rush,p-2-2,45.74274,21.20747,34,34,1,0,free
evening,p-2-2,45.74274,21.20747,34,34,1,0,free
night,p-2-2,45.74274,21.20747,34,34,1,0,free
morning-rush,p-2-2,45.74338,21.207,34,34,1,0,free
mid-morning,p-2-2,45.74338,21.207,34,34,1,0,free
midday,p-2-2,45.74338,21.207,34,34,1,0,free
afternoon-rush,p-2-2,45.74338,21.207,34,34,1,0,free
evening,p-2-2,45.74338,21.207,34,34,1,0,free
night,p-2-2,45.74338,21.207,34,34,1,0,free
morning-rush,p-2-2,45.74353,21.20689,34,34,1,0,free
mid-morning,p-2-2,45.74353,21.20689,34,34,1,0,free
midday,p-2-2,45.74353,21.20689,34,34,1,0,free
afternoon-rush,p-2-2,45.74353,21.20689,34,34,1,0,free
evening,p-2-2,45.74353,21.20689,34,34,1,0,free
night,p-2-2,45.74353,21.20689,34,34,1,0,free
morning-rush,p-2-3,45.74299,21.213,28,41,0.683,12,light
mid-morning,p-2-3,45.74299,21.213,28,41,0.683,12,light
midday,p-2-3,45.74299,21.213,28,41,0.683,12,light
afternoon-rush,p-2-3,45.74299,21.213,28,41,0.683,12,light
evening,p-2-3,45.74299,21.213,28,41,0.683,12,light
night,p-2-3,45.74299,21.213,28,41,0.683,12,light
morning-rush,p-2-3,45.74309,21.21308,28,41,0.683,12,light
mid-morning,p-2-3,45.74309,21.21308,28,41,0.683,12,light
midday,p-2-3,45.74309,21.21308,28,41,0.683,12,light
afternoon-rush,p-2-3,45.74309,21.21308,28,41,0.683,12,light
evening,p-2-3,45.74309,21.21308,28,41,0.683,12,light
night,p-2-3,45.74309,21.21308,28,41,0.683,12,light
morning-rush,p-2-3,45.74374,21.21364,28,41,0.683,12,light
mid-morning,p-2-3,45.74374,21.21364,28,41,0.683,12,light
midday,p-2-3,45.74374,21.21364,28,41,0.683,12,light
afternoon-rush,p-2-3,45.74374,21.21364,28,41,0.683,12,light
evening,p-2-3,45.74374,21.21364,28,41,0.683,12,light
night,p-2-3,45.74374,21.21364,28,41,0.683,12,light
morning-rush,p-2-3,45.74385,21.21373,28,41,0.683,12,light
mid-morning,p-2-3,45.74385,21.21373,28,41,0.683,12,light
midday,p-2-3,45.74385,21.21373,28,41,0.683,12,light
afternoon-rush,p-2-3,45.74385,21.21373,28,41,0.683,12,light
evening,p-2-3,45.74385,21.21373,28,41,0.683,12,light
night,p-2-3,45.74385,21.21373,28,41,0.683,12,light
morning-rush,p-2-3,45.74441,21.21428,28,41,0.683,12,light
mid-morning,p-2-3,45.74441,21.21428,28,41,0.683,12,light
midday,p-2-3,45.74441,21.21428,28,41,0.683,12,light
afternoon-rush,p-2-3,45.74441,21.21428,28,41,0.683,12,light
evening,p-2-3,45.74441,21.21428,28,41,0.683,12,light
night,p-2-3,45.74441,21.21428,28,41,0.683,12,light
morning-rush,p-2-3,45.74456,21.21442,28,41,0.683,12,light
mid-morning,p-2-3,45.74456,21.21442,28,41,0.683,12,light
midday,p-2-3,45.74456,21.21442,28,41,0.683,12,light
afternoon-rush,p-2-3,45.74456,21.21442,28,41,0.683,12,light
evening,p-2-3,45.74456,21.21442,28,41,0.683,12,light
night,p-2-3,45.74456,21.21442,28,41,0.683,12,light
morning-rush,p-2-4,45.74827,21.22344,10,15,0.667,31,light
mid-morning,p-2-4,45.74827,21.22344,10,15,0.667,31,light
midday,p-2-4,45.74827,21.22344,10,15,0.667,31,light
afternoon-rush,p-2-4,45.74827,21.22344,10,15,0.667,31,light
evening,p-2-4,45.74827,21.22344,10,15,0.667,31,light
night,p-2-4,45.74827,21.22344,10,15,0.667,31,light
morning-rush,p-2-4,45.74818,21.22382,10,15,0.667,31,light
mid-morning,p-2-4,45.74818,21.22382,10,15,0.667,31,light
midday,p-2-4,45.74818,21.22382,10,15,0.667,31,light
afternoon-rush,p-2-4,45.74818,21.22382,10,15,0.667,31,light
evening,p-2-4,45.74818,21.22382,10,15,0.667,31,light
night,p-2-4,45.74818,21.22382,10,15,0.667,31,light
morning-rush,p-2-4,45.74817,21.22385,10,15,0.667,31,light
mid-morning,p-2-4,45.74817,21.22385,10,15,0.667,31,light
midday,p-2-4,45.74817,21.22385,10,15,0.667,31,light
afternoon-rush,p-2-4,45.74817,21.22385,10,15,0.667,31,light
evening,p-2-4,45.74817,21.22385,10,15,0.667,31,light
night,p-2-4,45.74817,21.22385,10,15,0.667,31,light
morning-rush,p-2-4,45.74812,21.22405,10,15,0.667,31,light
mid-morning,p-2-4,45.74812,21.22405,10,15,0.667,31,light
midday,p-2-4,45.74812,21.22405,10,15,0.667,31,light
afternoon-rush,p-2-4,45.74812,21.22405,10,15,0.667,31,light
evening,p-2-4,45.74812,21.22405,10,15,0.667,31,light
night,p-2-4,45.74812,21.22405,10,15,0.667,31,light
morning-rush,p-2-4,45.748,21.22474,10,15,0.667,31,light
mid-morning,p-2-4,45.748,21.22474,10,15,0.667,31,light
midday,p-2-4,45.748,21.22474,10,15,0.667,31,light
afternoon-rush,p-2-4,45.748,21.22474,10,15,0.667,31,light
evening,p-2-4,45.748,21.22474,10,15,0.667,31,light
night,p-2-4,45.748,21.22474,10,15,0.667,31,light
morning-rush,p-2-4,45.74798,21.22485,10,15,0.667,31,light
mid-morning,p-2-4,45.74798,21.22485,10,15,0.667,31,light
midday,p-2-4,45.74798,21.22485,10,15,0.667,31,light
afternoon-rush,p-2-4,45.74798,21.22485,10,15,0.667,31,light
evening,p-2-4,45.74798,21.22485,10,15,0.667,31,light
night,p-2-4,45.74798,21.22485,10,15,0.667,31,light
morning-rush,p-2-4,45.74797,21.22491,10,15,0.667,31,light
mid-morning,p-2-4,45.74797,21.22491,10,15,0.667,31,light
midday,p-2-4,45.74797,21.22491,10,15,0.667,31,light
afternoon-rush,p-2-4,45.74797,21.22491,10,15,0.667,31,light
evening,p-2-4,45.74797,21.22491,10,15,0.667,31,light
night,p-2-4,45.74797,21.22491,10,15,0.667,31,light
morning-rush,p-2-4,45.74793,21.22518,10,15,0.667,31,light
mid-morning,p-2-4,45.74793,21.22518,10,15,0.667,31,light
midday,p-2-4,45.74793,21.22518,10,15,0.667,31,light
afternoon-rush,p-2-4,45.74793,21.22518,10,15,0.667,31,light
evening,p-2-4,45.74793,21.22518,10,15,0.667,31,light
night,p-2-4,45.74793,21.22518,10,15,0.667,31,light
morning-rush,p-2-4,45.74789,21.2254,10,15,0.667,31,light
mid-morning,p-2-4,45.74789,21.2254,10,15,0.667,31,light
midday,p-2-4,45.74789,21.2254,10,15,0.667,31,light
afternoon-rush,p-2-4,45.74789,21.2254,10,15,0.667,31,light
evening,p-2-4,45.74789,21.2254,10,15,0.667,31,light
night,p-2-4,45.74789,21.2254,10,15,0.667,31,light
morning-rush,p-2-4,45.74784,21.22556,10,15,0.667,31,light
mid-morning,p-2-4,45.74784,21.22556,10,15,0.667,31,light
midday,p-2-4,45.74784,21.22556,10,15,0.667,31,light
afternoon-rush,p-2-4,45.74784,21.22556,10,15,0.667,31,light
evening,p-2-4,45.74784,21.22556,10,15,0.667,31,light
night,p-2-4,45.74784,21.22556,10,15,0.667,31,light
morning-rush,p-2-5,45.74815,21.23205,35,35,1,0,free
mid-morning,p-2-5,45.74815,21.23205,35,35,1,0,free
midday,p-2-5,45.74815,21.23205,35,35,1,0,free
afternoon-rush,p-2-5,45.74815,21.23205,35,35,1,0,free
evening,p-2-5,45.74815,21.23205,35,35,1,0,free
night,p-2-5,45.74815,21.23205,35,35,1,0,free
morning-rush,p-2-5,45.74808,21.23161,35,35,1,0,free
mid-morning,p-2-5,45.74808,21.23161,35,35,1,0,free
midday,p-2-5,45.74808,21.23161,35,35,1,0,free
afternoon-rush,p-2-5,45.74808,21.23161,35,35,1,0,free
evening,p-2-5,45.74808,21.23161,35,35,1,0,free
night,p-2-5,45.74808,21.23161,35,35,1,0,free
morning-rush,p-2-5,45.74804,21.23132,35,35,1,0,free
mid-morning,p-2-5,45.74804,21.23132,35,35,1,0,free
midday,p-2-5,45.74804,21.23132,35,35,1,0,free
afternoon-rush,p-2-5,45.74804,21.23132,35,35,1,0,free
evening,p-2-5,45.74804,21.23132,35,35,1,0,free
night,p-2-5,45.74804,21.23132,35,35,1,0,free
morning-rush,p-2-5,45.74802,21.2311,35,35,1,0,free
mid-morning,p-2-5,45.74802,21.2311,35,35,1,0,free
midday,p-2-5,45.74802,21.2311,35,35,1,0,free
afternoon-rush,p-2-5,45.74802,21.2311,35,35,1,0,free
evening,p-2-5,45.74802,21.2311,35,35,1,0,free
night,p-2-5,45.74802,21.2311,35,35,1,0,free
morning-rush,p-2-5,45.74798,21.23085,35,35,1,0,free
mid-morning,p-2-5,45.74798,21.23085,35,35,1,0,free
midday,p-2-5,45.74798,21.23085,35,35,1,0,free
afternoon-rush,p-2-5,45.74798,21.23085,35,35,1,0,free
evening,p-2-5,45.74798,21.23085,35,35,1,0,free
night,p-2-5,45.74798,21.23085,35,35,1,0,free
morning-rush,p-2-5,45.74795,21.2306,35,35,1,0,free
mid-morning,p-2-5,45.74795,21.2306,35,35,1,0,free
midday,p-2-5,45.74795,21.2306,35,35,1,0,free
afternoon-rush,p-2-5,45.74795,21.2306,35,35,1,0,free
evening,p-2-5,45.74795,21.2306,35,35,1,0,free
night,p-2-5,45.74795,21.2306,35,35,1,0,free
morning-rush,p-2-5,45.74792,21.23033,35,35,1,0,free
mid-morning,p-2-5,45.74792,21.23033,35,35,1,0,free
midday,p-2-5,45.74792,21.23033,35,35,1,0,free
afternoon-rush,p-2-5,45.74792,21.23033,35,35,1,0,free
evening,p-2-5,45.74792,21.23033,35,35,1,0,free
night,p-2-5,45.74792,21.23033,35,35,1,0,free
morning-rush,p-2-5,45.74789,21.23001,35,35,1,0,free
mid-morning,p-2-5,45.74789,21.23001,35,35,1,0,free
midday,p-2-5,45.74789,21.23001,35,35,1,0,free
afternoon-rush,p-2-5,45.74789,21.23001,35,35,1,0,free
evening,p-2-5,45.74789,21.23001,35,35,1,0,free
night,p-2-5,45.74789,21.23001,35,35,1,0,free
morning-rush,p-2-5,45.74786,21.22971,35,35,1,0,free
mid-morning,p-2-5,45.74786,21.22971,35,35,1,0,free
midday,p-2-5,45.74786,21.22971,35,35,1,0,free
afternoon-rush,p-2-5,45.74786,21.22971,35,35,1,0,free
evening,p-2-5,45.74786,21.22971,35,35,1,0,free
night,p-2-5,45.74786,21.22971,35,35,1,0,free
morning-rush,p-2-5,45.74783,21.22939,35,35,1,0,free
mid-morning,p-2-5,45.74783,21.22939,35,35,1,0,free
midday,p-2-5,45.74783,21.22939,35,35,1,0,free
afternoon-rush,p-2-5,45.74783,21.22939,35,35,1,0,free
evening,p-2-5,45.74783,21.22939,35,35,1,0,free
night,p-2-5,45.74783,21.22939,35,35,1,0,free
morning-rush,p-2-5,45.74781,21.22923,35,35,1,0,free
mid-morning,p-2-5,45.74781,21.22923,35,35,1,0,free
midday,p-2-5,45.74781,21.22923,35,35,1,0,free
afternoon-rush,p-2-5,45.74781,21.22923,35,35,1,0,free
evening,p-2-5,45.74781,21.22923,35,35,1,0,free
night,p-2-5,45.74781,21.22923,35,35,1,0,free
morning-rush,p-2-5,45.7478,21.22906,35,35,1,0,free
mid-morning,p-2-5,45.7478,21.22906,35,35,1,0,free
midday,p-2-5,45.7478,21.22906,35,35,1,0,free
afternoon-rush,p-2-5,45.7478,21.22906,35,35,1,0,free
evening,p-2-5,45.7478,21.22906,35,35,1,0,free
night,p-2-5,45.7478,21.22906,35,35,1,0,free
morning-rush,p-2-5,45.74778,21.22875,35,35,1,0,free
mid-morning,p-2-5,45.74778,21.22875,35,35,1,0,free
midday,p-2-5,45.74778,21.22875,35,35,1,0,free
afternoon-rush,p-2-5,45.74778,21.22875,35,35,1,0,free
evening,p-2-5,45.74778,21.22875,35,35,1,0,free
night,p-2-5,45.74778,21.22875,35,35,1,0,free
morning-rush,p-2-5,45.74775,21.22788,35,35,1,0,free
mid-morning,p-2-5,45.74775,21.22788,35,35,1,0,free
midday,p-2-5,45.74775,21.22788,35,35,1,0,free
afternoon-rush,p-2-5,45.74775,21.22788,35,35,1,0,free
evening,p-2-5,45.74775,21.22788,35,35,1,0,free
night,p-2-5,45.74775,21.22788,35,35,1,0,free
morning-rush,p-2-5,45.74776,21.22739,35,35,1,0,free
mid-morning,p-2-5,45.74776,21.22739,35,35,1,0,free
midday,p-2-5,45.74776,21.22739,35,35,1,0,free
afternoon-rush,p-2-5,45.74776,21.22739,35,35,1,0,free
evening,p-2-5,45.74776,21.22739,35,35,1,0,free
night,p-2-5,45.74776,21.22739,35,35,1,0,free
morning-rush,p-2-5,45.74777,21.22724,35,35,1,0,free
mid-morning,p-2-5,45.74777,21.22724,35,35,1,0,free
midday,p-2-5,45.74777,21.22724,35,35,1,0,free
afternoon-rush,p-2-5,45.74777,21.22724,35,35,1,0,free
evening,p-2-5,45.74777,21.22724,35,35,1,0,free
night,p-2-5,45.74777,21.22724,35,35,1,0,free
morning-rush,p-2-5,45.74777,21.22715,35,35,1,0,free
mid-morning,p-2-5,45.74777,21.22715,35,35,1,0,free
midday,p-2-5,45.74777,21.22715,35,35,1,0,free
afternoon-rush,p-2-5,45.74777,21.22715,35,35,1,0,free
evening,p-2-5,45.74777,21.22715,35,35,1,0,free
night,p-2-5,45.74777,21.22715,35,35,1,0,free
morning-rush,p-2-5,45.74781,21.2268,35,35,1,0,free
mid-morning,p-2-5,45.74781,21.2268,35,35,1,0,free
midday,p-2-5,45.74781,21.2268,35,35,1,0,free
afternoon-rush,p-2-5,45.74781,21.2268,35,35,1,0,free
evening,p-2-5,45.74781,21.2268,35,35,1,0,free
night,p-2-5,45.74781,21.2268,35,35,1,0,free
morning-rush,p-2-5,45.74784,21.22645,35,35,1,0,free
mid-morning,p-2-5,45.74784,21.22645,35,35,1,0,free
midday,p-2-5,45.74784,21.22645,35,35,1,0,free
afternoon-rush,p-2-5,45.74784,21.22645,35,35,1,0,free
evening,p-2-5,45.74784,21.22645,35,35,1,0,free
night,p-2-5,45.74784,21.22645,35,35,1,0,free
morning-rush,p-2-5,45.74787,21.22622,35,35,1,0,free
mid-morning,p-2-5,45.74787,21.22622,35,35,1,0,free
midday,p-2-5,45.74787,21.22622,35,35,1,0,free
afternoon-rush,p-2-5,45.74787,21.22622,35,35,1,0,free
evening,p-2-5,45.74787,21.22622,35,35,1,0,free
night,p-2-5,45.74787,21.22622,35,35,1,0,free
morning-rush,p-2-5,45.7479,21.22598,35,35,1,0,free
mid-morning,p-2-5,45.7479,21.22598,35,35,1,0,free
midday,p-2-5,45.7479,21.22598,35,35,1,0,free
afternoon-rush,p-2-5,45.7479,21.22598,35,35,1,0,free
evening,p-2-5,45.7479,21.22598,35,35,1,0,free
night,p-2-5,45.7479,21.22598,35,35,1,0,free
morning-rush,p-2-5,45.74791,21.22597,35,35,1,0,free
mid-morning,p-2-5,45.74791,21.22597,35,35,1,0,free
midday,p-2-5,45.74791,21.22597,35,35,1,0,free
afternoon-rush,p-2-5,45.74791,21.22597,35,35,1,0,free
evening,p-2-5,45.74791,21.22597,35,35,1,0,free
night,p-2-5,45.74791,21.22597,35,35,1,0,free
morning-rush,p-2-5,45.74798,21.2256,35,35,1,0,free
mid-morning,p-2-5,45.74798,21.2256,35,35,1,0,free
midday,p-2-5,45.74798,21.2256,35,35,1,0,free
afternoon-rush,p-2-5,45.74798,21.2256,35,35,1,0,free
evening,p-2-5,45.74798,21.2256,35,35,1,0,free
night,p-2-5,45.74798,21.2256,35,35,1,0,free
morning-rush,p-3-1,45.74916,21.19942,47,47,1,0,free
mid-morning,p-3-1,45.74916,21.19942,47,47,1,0,free
midday,p-3-1,45.74916,21.19942,47,47,1,0,free
afternoon-rush,p-3-1,45.74916,21.19942,47,47,1,0,free
evening,p-3-1,45.74916,21.19942,47,47,1,0,free
night,p-3-1,45.74916,21.19942,47,47,1,0,free
morning-rush,p-3-1,45.7491,21.19914,47,47,1,0,free
mid-morning,p-3-1,45.7491,21.19914,47,47,1,0,free
midday,p-3-1,45.7491,21.19914,47,47,1,0,free
afternoon-rush,p-3-1,45.7491,21.19914,47,47,1,0,free
evening,p-3-1,45.7491,21.19914,47,47,1,0,free
night,p-3-1,45.7491,21.19914,47,47,1,0,free
morning-rush,p-3-1,45.74865,21.19674,47,47,1,0,free
mid-morning,p-3-1,45.74865,21.19674,47,47,1,0,free
midday,p-3-1,45.74865,21.19674,47,47,1,0,free
afternoon-rush,p-3-1,45.74865,21.19674,47,47,1,0,free
evening,p-3-1,45.74865,21.19674,47,47,1,0,free
night,p-3-1,45.74865,21.19674,47,47,1,0,free
morning-rush,p-3-2,45.75,21.2052,5,15,0.333,272,blocked
mid-morning,p-3-2,45.75,21.2052,5,15,0.333,272,blocked
midday,p-3-2,45.75,21.2052,5,15,0.333,272,blocked
afternoon-rush,p-3-2,45.75,21.2052,5,15,0.333,272,blocked
evening,p-3-2,45.75,21.2052,5,15,0.333,272,blocked
night,p-3-2,45.75,21.2052,5,15,0.333,272,blocked
morning-rush,p-3-2,45.75026,21.20684,5,15,0.333,272,blocked
mid-morning,p-3-2,45.75026,21.20684,5,15,0.333,272,blocked
midday,p-3-2,45.75026,21.20684,5,15,0.333,272,blocked
afternoon-rush,p-3-2,45.75026,21.20684,5,15,0.333,272,blocked
evening,p-3-2,45.75026,21.20684,5,15,0.333,272,blocked
night,p-3-2,45.75026,21.20684,5,15,0.333,272,blocked
morning-rush,p-3-2,45.75029,21.20709,5,15,0.333,272,blocked
mid-morning,p-3-2,45.75029,21.20709,5,15,0.333,272,blocked
midday,p-3-2,45.75029,21.20709,5,15,0.333,272,blocked
afternoon-rush,p-3-2,45.75029,21.20709,5,15,0.333,272,blocked
evening,p-3-2,45.75029,21.20709,5,15,0.333,272,blocked
night,p-3-2,45.75029,21.20709,5,15,0.333,272,blocked
morning-rush,p-3-2,45.75036,21.20758,5,15,0.333,272,blocked
mid-morning,p-3-2,45.75036,21.20758,5,15,0.333,272,blocked
midday,p-3-2,45.75036,21.20758,5,15,0.333,272,blocked
afternoon-rush,p-3-2,45.75036,21.20758,5,15,0.333,272,blocked
evening,p-3-2,45.75036,21.20758,5,15,0.333,272,blocked
night,p-3-2,45.75036,21.20758,5,15,0.333,272,blocked
morning-rush,p-3-3,45.75169,21.21598,37,37,1,0,free
mid-morning,p-3-3,45.75169,21.21598,37,37,1,0,free
midday,p-3-3,45.75169,21.21598,37,37,1,0,free
afternoon-rush,p-3-3,45.75169,21.21598,37,37,1,0,free
evening,p-3-3,45.75169,21.21598,37,37,1,0,free
night,p-3-3,45.75169,21.21598,37,37,1,0,free
morning-rush,p-3-3,45.75162,21.21601,37,37,1,0,free
mid-morning,p-3-3,45.75162,21.21601,37,37,1,0,free
midday,p-3-3,45.75162,21.21601,37,37,1,0,free
afternoon-rush,p-3-3,45.75162,21.21601,37,37,1,0,free
evening,p-3-3,45.75162,21.21601,37,37,1,0,free
night,p-3-3,45.75162,21.21601,37,37,1,0,free
morning-rush,p-3-3,45.75158,21.21608,37,37,1,0,free
mid-morning,p-3-3,45.75158,21.21608,37,37,1,0,free
midday,p-3-3,45.75158,21.21608,37,37,1,0,free
afternoon-rush,p-3-3,45.75158,21.21608,37,37,1,0,free
evening,p-3-3,45.75158,21.21608,37,37,1,0,free
night,p-3-3,45.75158,21.21608,37,37,1,0,free
morning-rush,p-3-3,45.75141,21.21615,37,37,1,0,free
mid-morning,p-3-3,45.75141,21.21615,37,37,1,0,free
midday,p-3-3,45.75141,21.21615,37,37,1,0,free
afternoon-rush,p-3-3,45.75141,21.21615,37,37,1,0,free
evening,p-3-3,45.75141,21.21615,37,37,1,0,free
night,p-3-3,45.75141,21.21615,37,37,1,0,free
morning-rush,p-3-3,45.75127,21.21621,37,37,1,0,free
mid-morning,p-3-3,45.75127,21.21621,37,37,1,0,free
midday,p-3-3,45.75127,21.21621,37,37,1,0,free
afternoon-rush,p-3-3,45.75127,21.21621,37,37,1,0,free
evening,p-3-3,45.75127,21.21621,37,37,1,0,free
night,p-3-3,45.75127,21.21621,37,37,1,0,free
morning-rush,p-3-3,45.75089,21.21641,37,37,1,0,free
mid-morning,p-3-3,45.75089,21.21641,37,37,1,0,free
midday,p-3-3,45.75089,21.21641,37,37,1,0,free
afternoon-rush,p-3-3,45.75089,21.21641,37,37,1,0,free
evening,p-3-3,45.75089,21.21641,37,37,1,0,free
night,p-3-3,45.75089,21.21641,37,37,1,0,free
morning-rush,p-3-3,45.75066,21.21656,37,37,1,0,free
mid-morning,p-3-3,45.75066,21.21656,37,37,1,0,free
midday,p-3-3,45.75066,21.21656,37,37,1,0,free
afternoon-rush,p-3-3,45.75066,21.21656,37,37,1,0,free
evening,p-3-3,45.75066,21.21656,37,37,1,0,free
night,p-3-3,45.75066,21.21656,37,37,1,0,free
morning-rush,p-3-3,45.75059,21.21659,37,37,1,0,free
mid-morning,p-3-3,45.75059,21.21659,37,37,1,0,free
midday,p-3-3,45.75059,21.21659,37,37,1,0,free
afternoon-rush,p-3-3,45.75059,21.21659,37,37,1,0,free
evening,p-3-3,45.75059,21.21659,37,37,1,0,free
night,p-3-3,45.75059,21.21659,37,37,1,0,free
morning-rush,p-3-3,45.75046,21.21665,37,37,1,0,free
mid-morning,p-3-3,45.75046,21.21665,37,37,1,0,free
midday,p-3-3,45.75046,21.21665,37,37,1,0,free
afternoon-rush,p-3-3,45.75046,21.21665,37,37,1,0,free
evening,p-3-3,45.75046,21.21665,37,37,1,0,free
night,p-3-3,45.75046,21.21665,37,37,1,0,free
morning-rush,p-3-3,45.75029,21.21675,37,37,1,0,free
mid-morning,p-3-3,45.75029,21.21675,37,37,1,0,free
midday,p-3-3,45.75029,21.21675,37,37,1,0,free
afternoon-rush,p-3-3,45.75029,21.21675,37,37,1,0,free
evening,p-3-3,45.75029,21.21675,37,37,1,0,free
night,p-3-3,45.75029,21.21675,37,37,1,0,free
morning-rush,p-3-3,45.75025,21.21678,37,37,1,0,free
mid-morning,p-3-3,45.75025,21.21678,37,37,1,0,free
midday,p-3-3,45.75025,21.21678,37,37,1,0,free
afternoon-rush,p-3-3,45.75025,21.21678,37,37,1,0,free
evening,p-3-3,45.75025,21.21678,37,37,1,0,free
night,p-3-3,45.75025,21.21678,37,37,1,0,free
morning-rush,p-3-4,45.75048,21.22242,18,18,1,0,free
mid-morning,p-3-4,45.75048,21.22242,18,18,1,0,free
midday,p-3-4,45.75048,21.22242,18,18,1,0,free
afternoon-rush,p-3-4,45.75048,21.22242,18,18,1,0,free
evening,p-3-4,45.75048,21.22242,18,18,1,0,free
night,p-3-4,45.75048,21.22242,18,18,1,0,free
morning-rush,p-3-4,45.75051,21.22248,18,18,1,0,free
mid-morning,p-3-4,45.75051,21.22248,18,18,1,0,free
midday,p-3-4,45.75051,21.22248,18,18,1,0,free
afternoon-rush,p-3-4,45.75051,21.22248,18,18,1,0,free
evening,p-3-4,45.75051,21.22248,18,18,1,0,free
night,p-3-4,45.75051,21.22248,18,18,1,0,free
morning-rush,p-3-4,45.7508,21.22305,18,18,1,0,free
mid-morning,p-3-4,45.7508,21.22305,18,18,1,0,free
midday,p-3-4,45.7508,21.22305,18,18,1,0,free
afternoon-rush,p-3-4,45.7508,21.22305,18,18,1,0,free
evening,p-3-4,45.7508,21.22305,18,18,1,0,free
night,p-3-4,45.7508,21.22305,18,18,1,0,free
morning-rush,p-3-4,45.7509,21.22324,18,18,1,0,free
mid-morning,p-3-4,45.7509,21.22324,18,18,1,0,free
midday,p-3-4,45.7509,21.22324,18,18,1,0,free
afternoon-rush,p-3-4,45.7509,21.22324,18,18,1,0,free
evening,p-3-4,45.7509,21.22324,18,18,1,0,free
night,p-3-4,45.7509,21.22324,18,18,1,0,free
morning-rush,p-3-4,45.75094,21.22333,18,18,1,0,free
mid-morning,p-3-4,45.75094,21.22333,18,18,1,0,free
midday,p-3-4,45.75094,21.22333,18,18,1,0,free
afternoon-rush,p-3-4,45.75094,21.22333,18,18,1,0,free
evening,p-3-4,45.75094,21.22333,18,18,1,0,free
night,p-3-4,45.75094,21.22333,18,18,1,0,free
morning-rush,p-3-4,45.75108,21.22362,18,18,1,0,free
mid-morning,p-3-4,45.75108,21.22362,18,18,1,0,free
midday,p-3-4,45.75108,21.22362,18,18,1,0,free
afternoon-rush,p-3-4,45.75108,21.22362,18,18,1,0,free
evening,p-3-4,45.75108,21.22362,18,18,1,0,free
night,p-3-4,45.75108,21.22362,18,18,1,0,free
morning-rush,p-3-4,45.75128,21.22401,18,18,1,0,free
mid-morning,p-3-4,45.75128,21.22401,18,18,1,0,free
midday,p-3-4,45.75128,21.22401,18,18,1,0,free
afternoon-rush,p-3-4,45.75128,21.22401,18,18,1,0,free
evening,p-3-4,45.75128,21.22401,18,18,1,0,free
night,p-3-4,45.75128,21.22401,18,18,1,0,free
morning-rush,p-3-5,45.75138,21.23845,36,58,0.621,40,blocked
mid-morning,p-3-5,45.75138,21.23845,36,58,0.621,40,blocked
midday,p-3-5,45.75138,21.23845,36,58,0.621,40,blocked
afternoon-rush,p-3-5,45.75138,21.23845,36,58,0.621,40,blocked
evening,p-3-5,45.75138,21.23845,36,58,0.621,40,blocked
night,p-3-5,45.75138,21.23845,36,58,0.621,40,blocked
morning-rush,p-3-5,45.75131,21.2384,36,58,0.621,40,blocked
mid-morning,p-3-5,45.75131,21.2384,36,58,0.621,40,blocked
midday,p-3-5,45.75131,21.2384,36,58,0.621,40,blocked
afternoon-rush,p-3-5,45.75131,21.2384,36,58,0.621,40,blocked
evening,p-3-5,45.75131,21.2384,36,58,0.621,40,blocked
night,p-3-5,45.75131,21.2384,36,58,0.621,40,blocked
morning-rush,p-3-5,45.75119,21.2383,36,58,0.621,40,blocked
mid-morning,p-3-5,45.75119,21.2383,36,58,0.621,40,blocked
midday,p-3-5,45.75119,21.2383,36,58,0.621,40,blocked
afternoon-rush,p-3-5,45.75119,21.2383,36,58,0.621,40,blocked
evening,p-3-5,45.75119,21.2383,36,58,0.621,40,blocked
night,p-3-5,45.75119,21.2383,36,58,0.621,40,blocked
morning-rush,p-3-5,45.75107,21.23821,36,58,0.621,40,blocked
mid-morning,p-3-5,45.75107,21.23821,36,58,0.621,40,blocked
midday,p-3-5,45.75107,21.23821,36,58,0.621,40,blocked
afternoon-rush,p-3-5,45.75107,21.23821,36,58,0.621,40,blocked
evening,p-3-5,45.75107,21.23821,36,58,0.621,40,blocked
night,p-3-5,45.75107,21.23821,36,58,0.621,40,blocked
morning-rush,p-3-5,45.75102,21.23817,36,58,0.621,40,blocked
mid-morning,p-3-5,45.75102,21.23817,36,58,0.621,40,blocked
midday,p-3-5,45.75102,21.23817,36,58,0.621,40,blocked
afternoon-rush,p-3-5,45.75102,21.23817,36,58,0.621,40,blocked
evening,p-3-5,45.75102,21.23817,36,58,0.621,40,blocked
night,p-3-5,45.75102,21.23817,36,58,0.621,40,blocked
morning-rush,p-3-5,45.75091,21.23807,36,58,0.621,40,blocked
mid-morning,p-3-5,45.75091,21.23807,36,58,0.621,40,blocked
midday,p-3-5,45.75091,21.23807,36,58,0.621,40,blocked
afternoon-rush,p-3-5,45.75091,21.23807,36,58,0.621,40,blocked
evening,p-3-5,45.75091,21.23807,36,58,0.621,40,blocked
night,p-3-5,45.75091,21.23807,36,58,0.621,40,blocked
morning-rush,p-3-5,45.75081,21.23799,36,58,0.621,40,blocked
mid-morning,p-3-5,45.75081,21.23799,36,58,0.621,40,blocked
midday,p-3-5,45.75081,21.23799,36,58,0.621,40,blocked
afternoon-rush,p-3-5,45.75081,21.23799,36,58,0.621,40,blocked
evening,p-3-5,45.75081,21.23799,36,58,0.621,40,blocked
night,p-3-5,45.75081,21.23799,36,58,0.621,40,blocked
morning-rush,p-3-5,45.75062,21.23784,36,58,0.621,40,blocked
mid-morning,p-3-5,45.75062,21.23784,36,58,0.621,40,blocked
midday,p-3-5,45.75062,21.23784,36,58,0.621,40,blocked
afternoon-rush,p-3-5,45.75062,21.23784,36,58,0.621,40,blocked
evening,p-3-5,45.75062,21.23784,36,58,0.621,40,blocked
night,p-3-5,45.75062,21.23784,36,58,0.621,40,blocked
morning-rush,p-3-5,45.75056,21.23779,36,58,0.621,40,blocked
mid-morning,p-3-5,45.75056,21.23779,36,58,0.621,40,blocked
midday,p-3-5,45.75056,21.23779,36,58,0.621,40,blocked
afternoon-rush,p-3-5,45.75056,21.23779,36,58,0.621,40,blocked
evening,p-3-5,45.75056,21.23779,36,58,0.621,40,blocked
night,p-3-5,45.75056,21.23779,36,58,0.621,40,blocked
morning-rush,p-3-5,45.75044,21.23769,36,58,0.621,40,blocked
mid-morning,p-3-5,45.75044,21.23769,36,58,0.621,40,blocked
midday,p-3-5,45.75044,21.23769,36,58,0.621,40,blocked
afternoon-rush,p-3-5,45.75044,21.23769,36,58,0.621,40,blocked
evening,p-3-5,45.75044,21.23769,36,58,0.621,40,blocked
night,p-3-5,45.75044,21.23769,36,58,0.621,40,blocked
morning-rush,p-3-5,45.75038,21.23768,36,58,0.621,40,blocked
mid-morning,p-3-5,45.75038,21.23768,36,58,0.621,40,blocked
midday,p-3-5,45.75038,21.23768,36,58,0.621,40,blocked
afternoon-rush,p-3-5,45.75038,21.23768,36,58,0.621,40,blocked
evening,p-3-5,45.75038,21.23768,36,58,0.621,40,blocked
night,p-3-5,45.75038,21.23768,36,58,0.621,40,blocked
morning-rush,p-3-5,45.75034,21.23764,36,58,0.621,40,blocked
mid-morning,p-3-5,45.75034,21.23764,36,58,0.621,40,blocked
midday,p-3-5,45.75034,21.23764,36,58,0.621,40,blocked
afternoon-rush,p-3-5,45.75034,21.23764,36,58,0.621,40,blocked
evening,p-3-5,45.75034,21.23764,36,58,0.621,40,blocked
night,p-3-5,45.75034,21.23764,36,58,0.621,40,blocked
morning-rush,p-3-5,45.75014,21.23746,36,58,0.621,40,blocked
mid-morning,p-3-5,45.75014,21.23746,36,58,0.621,40,blocked
midday,p-3-5,45.75014,21.23746,36,58,0.621,40,blocked
afternoon-rush,p-3-5,45.75014,21.23746,36,58,0.621,40,blocked
evening,p-3-5,45.75014,21.23746,36,58,0.621,40,blocked
night,p-3-5,45.75014,21.23746,36,58,0.621,40,blocked
morning-rush,p-3-5,45.75007,21.23737,36,58,0.621,40,blocked
mid-morning,p-3-5,45.75007,21.23737,36,58,0.621,40,blocked
midday,p-3-5,45.75007,21.23737,36,58,0.621,40,blocked
afternoon-rush,p-3-5,45.75007,21.23737,36,58,0.621,40,blocked
evening,p-3-5,45.75007,21.23737,36,58,0.621,40,blocked
night,p-3-5,45.75007,21.23737,36,58,0.621,40,blocked
morning-rush,p-3-5,45.74994,21.23721,36,58,0.621,40,blocked
mid-morning,p-3-5,45.74994,21.23721,36,58,0.621,40,blocked
midday,p-3-5,45.74994,21.23721,36,58,0.621,40,blocked
afternoon-rush,p-3-5,45.74994,21.23721,36,58,0.621,40,blocked
evening,p-3-5,45.74994,21.23721,36,58,0.621,40,blocked
night,p-3-5,45.74994,21.23721,36,58,0.621,40,blocked
morning-rush,p-3-5,45.74988,21.23714,36,58,0.621,40,blocked
mid-morning,p-3-5,45.74988,21.23714,36,58,0.621,40,blocked
midday,p-3-5,45.74988,21.23714,36,58,0.621,40,blocked
afternoon-rush,p-3-5,45.74988,21.23714,36,58,0.621,40,blocked
evening,p-3-5,45.74988,21.23714,36,58,0.621,40,blocked
night,p-3-5,45.74988,21.23714,36,58,0.621,40,blocked
morning-rush,p-3-5,45.74925,21.23639,36,58,0.621,40,blocked
mid-morning,p-3-5,45.74925,21.23639,36,58,0.621,40,blocked
midday,p-3-5,45.74925,21.23639,36,58,0.621,40,blocked
afternoon-rush,p-3-5,45.74925,21.23639,36,58,0.621,40,blocked
evening,p-3-5,45.74925,21.23639,36,58,0.621,40,blocked
night,p-3-5,45.74925,21.23639,36,58,0.621,40,blocked
morning-rush,p-3-5,45.74913,21.23618,36,58,0.621,40,blocked
mid-morning,p-3-5,45.74913,21.23618,36,58,0.621,40,blocked
midday,p-3-5,45.74913,21.23618,36,58,0.621,40,blocked
afternoon-rush,p-3-5,45.74913,21.23618,36,58,0.621,40,blocked
evening,p-3-5,45.74913,21.23618,36,58,0.621,40,blocked
night,p-3-5,45.74913,21.23618,36,58,0.621,40,blocked
morning-rush,p-3-5,45.7491,21.23614,36,58,0.621,40,blocked
mid-morning,p-3-5,45.7491,21.23614,36,58,0.621,40,blocked
midday,p-3-5,45.7491,21.23614,36,58,0.621,40,blocked
afternoon-rush,p-3-5,45.7491,21.23614,36,58,0.621,40,blocked
evening,p-3-5,45.7491,21.23614,36,58,0.621,40,blocked
night,p-3-5,45.7491,21.23614,36,58,0.621,40,blocked
morning-rush,p-3-5,45.74901,21.23596,36,58,0.621,40,blocked
mid-morning,p-3-5,45.74901,21.23596,36,58,0.621,40,blocked
midday,p-3-5,45.74901,21.23596,36,58,0.621,40,blocked
afternoon-rush,p-3-5,45.74901,21.23596,36,58,0.621,40,blocked
evening,p-3-5,45.74901,21.23596,36,58,0.621,40,blocked
night,p-3-5,45.74901,21.23596,36,58,0.621,40,blocked
morning-rush,p-3-5,45.74889,21.23564,36,58,0.621,40,blocked
mid-morning,p-3-5,45.74889,21.23564,36,58,0.621,40,blocked
midday,p-3-5,45.74889,21.23564,36,58,0.621,40,blocked
afternoon-rush,p-3-5,45.74889,21.23564,36,58,0.621,40,blocked
evening,p-3-5,45.74889,21.23564,36,58,0.621,40,blocked
night,p-3-5,45.74889,21.23564,36,58,0.621,40,blocked
morning-rush,p-3-5,45.74883,21.23549,36,58,0.621,40,blocked
mid-morning,p-3-5,45.74883,21.23549,36,58,0.621,40,blocked
midday,p-3-5,45.74883,21.23549,36,58,0.621,40,blocked
afternoon-rush,p-3-5,45.74883,21.23549,36,58,0.621,40,blocked
evening,p-3-5,45.74883,21.23549,36,58,0.621,40,blocked
night,p-3-5,45.74883,21.23549,36,58,0.621,40,blocked
morning-rush,p-3-5,45.74882,21.23545,36,58,0.621,40,blocked
mid-morning,p-3-5,45.74882,21.23545,36,58,0.621,40,blocked
midday,p-3-5,45.74882,21.23545,36,58,0.621,40,blocked
afternoon-rush,p-3-5,45.74882,21.23545,36,58,0.621,40,blocked
evening,p-3-5,45.74882,21.23545,36,58,0.621,40,blocked
night,p-3-5,45.74882,21.23545,36,58,0.621,40,blocked
morning-rush,p-3-5,45.74877,21.23532,36,58,0.621,40,blocked
mid-morning,p-3-5,45.74877,21.23532,36,58,0.621,40,blocked
midday,p-3-5,45.74877,21.23532,36,58,0.621,40,blocked
afternoon-rush,p-3-5,45.74877,21.23532,36,58,0.621,40,blocked
evening,p-3-5,45.74877,21.23532,36,58,0.621,40,blocked
night,p-3-5,45.74877,21.23532,36,58,0.621,40,blocked
morning-rush,p-3-5,45.74857,21.23456,36,58,0.621,40,blocked
mid-morning,p-3-5,45.74857,21.23456,36,58,0.621,40,blocked
midday,p-3-5,45.74857,21.23456,36,58,0.621,40,blocked
afternoon-rush,p-3-5,45.74857,21.23456,36,58,0.621,40,blocked
evening,p-3-5,45.74857,21.23456,36,58,0.621,40,blocked
night,p-3-5,45.74857,21.23456,36,58,0.621,40,blocked
morning-rush,p-3-5,45.74841,21.23373,36,58,0.621,40,blocked
mid-morning,p-3-5,45.74841,21.23373,36,58,0.621,40,blocked
midday,p-3-5,45.74841,21.23373,36,58,0.621,40,blocked
afternoon-rush,p-3-5,45.74841,21.23373,36,58,0.621,40,blocked
evening,p-3-5,45.74841,21.23373,36,58,0.621,40,blocked
night,p-3-5,45.74841,21.23373,36,58,0.621,40,blocked
morning-rush,p-3-5,45.74831,21.23322,36,58,0.621,40,blocked
mid-morning,p-3-5,45.74831,21.23322,36,58,0.621,40,blocked
midday,p-3-5,45.74831,21.23322,36,58,0.621,40,blocked
afternoon-rush,p-3-5,45.74831,21.23322,36,58,0.621,40,blocked
evening,p-3-5,45.74831,21.23322,36,58,0.621,40,blocked
night,p-3-5,45.74831,21.23322,36,58,0.621,40,blocked
morning-rush,p-3-5,45.74814,21.23221,36,58,0.621,40,blocked
mid-morning,p-3-5,45.74814,21.23221,36,58,0.621,40,blocked
midday,p-3-5,45.74814,21.23221,36,58,0.621,40,blocked
afternoon-rush,p-3-5,45.74814,21.23221,36,58,0.621,40,blocked
evening,p-3-5,45.74814,21.23221,36,58,0.621,40,blocked
night,p-3-5,45.74814,21.23221,36,58,0.621,40,blocked
morning-rush,p-3-5,45.74816,21.23213,36,58,0.621,40,blocked
mid-morning,p-3-5,45.74816,21.23213,36,58,0.621,40,blocked
midday,p-3-5,45.74816,21.23213,36,58,0.621,40,blocked
afternoon-rush,p-3-5,45.74816,21.23213,36,58,0.621,40,blocked
evening,p-3-5,45.74816,21.23213,36,58,0.621,40,blocked
night,p-3-5,45.74816,21.23213,36,58,0.621,40,blocked
morning-rush,p-4-1,45.75761,21.19599,44,44,1,0,free
mid-morning,p-4-1,45.75761,21.19599,44,44,1,0,free
midday,p-4-1,45.75761,21.19599,44,44,1,0,free
afternoon-rush,p-4-1,45.75761,21.19599,44,44,1,0,free
evening,p-4-1,45.75761,21.19599,44,44,1,0,free
night,p-4-1,45.75761,21.19599,44,44,1,0,free
morning-rush,p-4-1,45.75767,21.19618,44,44,1,0,free
mid-morning,p-4-1,45.75767,21.19618,44,44,1,0,free
midday,p-4-1,45.75767,21.19618,44,44,1,0,free
afternoon-rush,p-4-1,45.75767,21.19618,44,44,1,0,free
evening,p-4-1,45.75767,21.19618,44,44,1,0,free
night,p-4-1,45.75767,21.19618,44,44,1,0,free
morning-rush,p-4-1,45.75791,21.19698,44,44,1,0,free
mid-morning,p-4-1,45.75791,21.19698,44,44,1,0,free
midday,p-4-1,45.75791,21.19698,44,44,1,0,free
afternoon-rush,p-4-1,45.75791,21.19698,44,44,1,0,free
evening,p-4-1,45.75791,21.19698,44,44,1,0,free
night,p-4-1,45.75791,21.19698,44,44,1,0,free
morning-rush,p-4-1,45.75813,21.1979,44,44,1,0,free
mid-morning,p-4-1,45.75813,21.1979,44,44,1,0,free
midday,p-4-1,45.75813,21.1979,44,44,1,0,free
afternoon-rush,p-4-1,45.75813,21.1979,44,44,1,0,free
evening,p-4-1,45.75813,21.1979,44,44,1,0,free
night,p-4-1,45.75813,21.1979,44,44,1,0,free
morning-rush,p-4-2,45.75855,21.20446,52,52,1,0,free
mid-morning,p-4-2,45.75855,21.20446,52,52,1,0,free
midday,p-4-2,45.75855,21.20446,52,52,1,0,free
afternoon-rush,p-4-2,45.75855,21.20446,52,52,1,0,free
evening,p-4-2,45.75855,21.20446,52,52,1,0,free
night,p-4-2,45.75855,21.20446,52,52,1,0,free
morning-rush,p-4-2,45.75846,21.20533,52,52,1,0,free
mid-morning,p-4-2,45.75846,21.20533,52,52,1,0,free
midday,p-4-2,45.75846,21.20533,52,52,1,0,free
afternoon-rush,p-4-2,45.75846,21.20533,52,52,1,0,free
evening,p-4-2,45.75846,21.20533,52,52,1,0,free
night,p-4-2,45.75846,21.20533,52,52,1,0,free
morning-rush,p-4-2,45.75838,21.20591,52,52,1,0,free
mid-morning,p-4-2,45.75838,21.20591,52,52,1,0,free
midday,p-4-2,45.75838,21.20591,52,52,1,0,free
afternoon-rush,p-4-2,45.75838,21.20591,52,52,1,0,free
evening,p-4-2,45.75838,21.20591,52,52,1,0,free
night,p-4-2,45.75838,21.20591,52,52,1,0,free
morning-rush,p-4-2,45.75829,21.20659,52,52,1,0,free
mid-morning,p-4-2,45.75829,21.20659,52,52,1,0,free
midday,p-4-2,45.75829,21.20659,52,52,1,0,free
afternoon-rush,p-4-2,45.75829,21.20659,52,52,1,0,free
evening,p-4-2,45.75829,21.20659,52,52,1,0,free
night,p-4-2,45.75829,21.20659,52,52,1,0,free
morning-rush,p-4-2,45.75824,21.20697,52,52,1,0,free
mid-morning,p-4-2,45.75824,21.20697,52,52,1,0,free
midday,p-4-2,45.75824,21.20697,52,52,1,0,free
afternoon-rush,p-4-2,45.75824,21.20697,52,52,1,0,free
evening,p-4-2,45.75824,21.20697,52,52,1,0,free
night,p-4-2,45.75824,21.20697,52,52,1,0,free
morning-rush,p-4-2,45.75815,21.20749,52,52,1,0,free
mid-morning,p-4-2,45.75815,21.20749,52,52,1,0,free
midday,p-4-2,45.75815,21.20749,52,52,1,0,free
afternoon-rush,p-4-2,45.75815,21.20749,52,52,1,0,free
evening,p-4-2,45.75815,21.20749,52,52,1,0,free
night,p-4-2,45.75815,21.20749,52,52,1,0,free
morning-rush,p-4-3,45.75671,21.21483,15,15,1,0,free
mid-morning,p-4-3,45.75671,21.21483,15,15,1,0,free
midday,p-4-3,45.75671,21.21483,15,15,1,0,free
afternoon-rush,p-4-3,45.75671,21.21483,15,15,1,0,free
evening,p-4-3,45.75671,21.21483,15,15,1,0,free
night,p-4-3,45.75671,21.21483,15,15,1,0,free
morning-rush,p-4-3,45.75666,21.21544,15,15,1,0,free
mid-morning,p-4-3,45.75666,21.21544,15,15,1,0,free
midday,p-4-3,45.75666,21.21544,15,15,1,0,free
afternoon-rush,p-4-3,45.75666,21.21544,15,15,1,0,free
evening,p-4-3,45.75666,21.21544,15,15,1,0,free
night,p-4-3,45.75666,21.21544,15,15,1,0,free
morning-rush,p-4-3,45.7566,21.21617,15,15,1,0,free
mid-morning,p-4-3,45.7566,21.21617,15,15,1,0,free
midday,p-4-3,45.7566,21.21617,15,15,1,0,free
afternoon-rush,p-4-3,45.7566,21.21617,15,15,1,0,free
evening,p-4-3,45.7566,21.21617,15,15,1,0,free
night,p-4-3,45.7566,21.21617,15,15,1,0,free
morning-rush,p-4-3,45.75659,21.21632,15,15,1,0,free
mid-morning,p-4-3,45.75659,21.21632,15,15,1,0,free
midday,p-4-3,45.75659,21.21632,15,15,1,0,free
afternoon-rush,p-4-3,45.75659,21.21632,15,15,1,0,free
evening,p-4-3,45.75659,21.21632,15,15,1,0,free
night,p-4-3,45.75659,21.21632,15,15,1,0,free
morning-rush,p-4-3,45.75657,21.21644,15,15,1,0,free
mid-morning,p-4-3,45.75657,21.21644,15,15,1,0,free
midday,p-4-3,45.75657,21.21644,15,15,1,0,free
afternoon-rush,p-4-3,45.75657,21.21644,15,15,1,0,free
evening,p-4-3,45.75657,21.21644,15,15,1,0,free
night,p-4-3,45.75657,21.21644,15,15,1,0,free
morning-rush,p-4-3,45.75654,21.21693,15,15,1,0,free
mid-morning,p-4-3,45.75654,21.21693,15,15,1,0,free
midday,p-4-3,45.75654,21.21693,15,15,1,0,free
afternoon-rush,p-4-3,45.75654,21.21693,15,15,1,0,free
evening,p-4-3,45.75654,21.21693,15,15,1,0,free
night,p-4-3,45.75654,21.21693,15,15,1,0,free
morning-rush,p-4-3,45.75653,21.21703,15,15,1,0,free
mid-morning,p-4-3,45.75653,21.21703,15,15,1,0,free
midday,p-4-3,45.75653,21.21703,15,15,1,0,free
afternoon-rush,p-4-3,45.75653,21.21703,15,15,1,0,free
evening,p-4-3,45.75653,21.21703,15,15,1,0,free
night,p-4-3,45.75653,21.21703,15,15,1,0,free
morning-rush,p-4-4,45.75902,21.22086,18,26,0.692,29,light
mid-morning,p-4-4,45.75902,21.22086,18,26,0.692,29,light
midday,p-4-4,45.75902,21.22086,18,26,0.692,29,light
afternoon-rush,p-4-4,45.75902,21.22086,18,26,0.692,29,light
evening,p-4-4,45.75902,21.22086,18,26,0.692,29,light
night,p-4-4,45.75902,21.22086,18,26,0.692,29,light
morning-rush,p-4-4,45.75895,21.22107,18,26,0.692,29,light
mid-morning,p-4-4,45.75895,21.22107,18,26,0.692,29,light
midday,p-4-4,45.75895,21.22107,18,26,0.692,29,light
afternoon-rush,p-4-4,45.75895,21.22107,18,26,0.692,29,light
evening,p-4-4,45.75895,21.22107,18,26,0.692,29,light
night,p-4-4,45.75895,21.22107,18,26,0.692,29,light
morning-rush,p-4-4,45.75884,21.22143,18,26,0.692,29,light
mid-morning,p-4-4,45.75884,21.22143,18,26,0.692,29,light
midday,p-4-4,45.75884,21.22143,18,26,0.692,29,light
afternoon-rush,p-4-4,45.75884,21.22143,18,26,0.692,29,light
evening,p-4-4,45.75884,21.22143,18,26,0.692,29,light
night,p-4-4,45.75884,21.22143,18,26,0.692,29,light
morning-rush,p-4-4,45.75878,21.22161,18,26,0.692,29,light
mid-morning,p-4-4,45.75878,21.22161,18,26,0.692,29,light
midday,p-4-4,45.75878,21.22161,18,26,0.692,29,light
afternoon-rush,p-4-4,45.75878,21.22161,18,26,0.692,29,light
evening,p-4-4,45.75878,21.22161,18,26,0.692,29,light
night,p-4-4,45.75878,21.22161,18,26,0.692,29,light
morning-rush,p-4-4,45.7586,21.22218,18,26,0.692,29,light
mid-morning,p-4-4,45.7586,21.22218,18,26,0.692,29,light
midday,p-4-4,45.7586,21.22218,18,26,0.692,29,light
afternoon-rush,p-4-4,45.7586,21.22218,18,26,0.692,29,light
evening,p-4-4,45.7586,21.22218,18,26,0.692,29,light
night,p-4-4,45.7586,21.22218,18,26,0.692,29,light
morning-rush,p-4-4,45.75849,21.22253,18,26,0.692,29,light
mid-morning,p-4-4,45.75849,21.22253,18,26,0.692,29,light
midday,p-4-4,45.75849,21.22253,18,26,0.692,29,light
afternoon-rush,p-4-4,45.75849,21.22253,18,26,0.692,29,light
evening,p-4-4,45.75849,21.22253,18,26,0.692,29,light
night,p-4-4,45.75849,21.22253,18,26,0.692,29,light
morning-rush,p-4-4,45.75827,21.22325,18,26,0.692,29,light
mid-morning,p-4-4,45.75827,21.22325,18,26,0.692,29,light
midday,p-4-4,45.75827,21.22325,18,26,0.692,29,light
afternoon-rush,p-4-4,45.75827,21.22325,18,26,0.692,29,light
evening,p-4-4,45.75827,21.22325,18,26,0.692,29,light
night,p-4-4,45.75827,21.22325,18,26,0.692,29,light
morning-rush,p-4-4,45.75818,21.22354,18,26,0.692,29,light
mid-morning,p-4-4,45.75818,21.22354,18,26,0.692,29,light
midday,p-4-4,45.75818,21.22354,18,26,0.692,29,light
afternoon-rush,p-4-4,45.75818,21.22354,18,26,0.692,29,light
evening,p-4-4,45.75818,21.22354,18,26,0.692,29,light
night,p-4-4,45.75818,21.22354,18,26,0.692,29,light
morning-rush,p-4-4,45.75812,21.22374,18,26,0.692,29,light
mid-morning,p-4-4,45.75812,21.22374,18,26,0.692,29,light
midday,p-4-4,45.75812,21.22374,18,26,0.692,29,light
afternoon-rush,p-4-4,45.75812,21.22374,18,26,0.692,29,light
evening,p-4-4,45.75812,21.22374,18,26,0.692,29,light
night,p-4-4,45.75812,21.22374,18,26,0.692,29,light
morning-rush,p-4-4,45.75806,21.22393,18,26,0.692,29,light
mid-morning,p-4-4,45.75806,21.22393,18,26,0.692,29,light
midday,p-4-4,45.75806,21.22393,18,26,0.692,29,light
afternoon-rush,p-4-4,45.75806,21.22393,18,26,0.692,29,light
evening,p-4-4,45.75806,21.22393,18,26,0.692,29,light
night,p-4-4,45.75806,21.22393,18,26,0.692,29,light
morning-rush,p-4-4,45.75787,21.22453,18,26,0.692,29,light
mid-morning,p-4-4,45.75787,21.22453,18,26,0.692,29,light
midday,p-4-4,45.75787,21.22453,18,26,0.692,29,light
afternoon-rush,p-4-4,45.75787,21.22453,18,26,0.692,29,light
evening,p-4-4,45.75787,21.22453,18,26,0.692,29,light
night,p-4-4,45.75787,21.22453,18,26,0.692,29,light
morning-rush,p-4-4,45.75783,21.22465,18,26,0.692,29,light
mid-morning,p-4-4,45.75783,21.22465,18,26,0.692,29,light
midday,p-4-4,45.75783,21.22465,18,26,0.692,29,light
afternoon-rush,p-4-4,45.75783,21.22465,18,26,0.692,29,light
evening,p-4-4,45.75783,21.22465,18,26,0.692,29,light
night,p-4-4,45.75783,21.22465,18,26,0.692,29,light
morning-rush,p-4-4,45.75779,21.22479,18,26,0.692,29,light
mid-morning,p-4-4,45.75779,21.22479,18,26,0.692,29,light
midday,p-4-4,45.75779,21.22479,18,26,0.692,29,light
afternoon-rush,p-4-4,45.75779,21.22479,18,26,0.692,29,light
evening,p-4-4,45.75779,21.22479,18,26,0.692,29,light
night,p-4-4,45.75779,21.22479,18,26,0.692,29,light
morning-rush,p-4-5,45.75788,21.23238,30,30,1,0,free
mid-morning,p-4-5,45.75788,21.23238,30,30,1,0,free
midday,p-4-5,45.75788,21.23238,30,30,1,0,free
afternoon-rush,p-4-5,45.75788,21.23238,30,30,1,0,free
evening,p-4-5,45.75788,21.23238,30,30,1,0,free
night,p-4-5,45.75788,21.23238,30,30,1,0,free
morning-rush,p-4-5,45.75767,21.23233,30,30,1,0,free
mid-morning,p-4-5,45.75767,21.23233,30,30,1,0,free
midday,p-4-5,45.75767,21.23233,30,30,1,0,free
afternoon-rush,p-4-5,45.75767,21.23233,30,30,1,0,free
evening,p-4-5,45.75767,21.23233,30,30,1,0,free
night,p-4-5,45.75767,21.23233,30,30,1,0,free
morning-rush,p-4-5,45.75746,21.23229,30,30,1,0,free
mid-morning,p-4-5,45.75746,21.23229,30,30,1,0,free
midday,p-4-5,45.75746,21.23229,30,30,1,0,free
afternoon-rush,p-4-5,45.75746,21.23229,30,30,1,0,free
evening,p-4-5,45.75746,21.23229,30,30,1,0,free
night,p-4-5,45.75746,21.23229,30,30,1,0,free
morning-rush,p-4-5,45.75738,21.23227,30,30,1,0,free
mid-morning,p-4-5,45.75738,21.23227,30,30,1,0,free
midday,p-4-5,45.75738,21.23227,30,30,1,0,free
afternoon-rush,p-4-5,45.75738,21.23227,30,30,1,0,free
evening,p-4-5,45.75738,21.23227,30,30,1,0,free
night,p-4-5,45.75738,21.23227,30,30,1,0,free
morning-rush,p-4-5,45.75731,21.23226,30,30,1,0,free
mid-morning,p-4-5,45.75731,21.23226,30,30,1,0,free
midday,p-4-5,45.75731,21.23226,30,30,1,0,free
afternoon-rush,p-4-5,45.75731,21.23226,30,30,1,0,free
evening,p-4-5,45.75731,21.23226,30,30,1,0,free
night,p-4-5,45.75731,21.23226,30,30,1,0,free
morning-rush,p-4-5,45.75715,21.23224,30,30,1,0,free
mid-morning,p-4-5,45.75715,21.23224,30,30,1,0,free
midday,p-4-5,45.75715,21.23224,30,30,1,0,free
afternoon-rush,p-4-5,45.75715,21.23224,30,30,1,0,free
evening,p-4-5,45.75715,21.23224,30,30,1,0,free
night,p-4-5,45.75715,21.23224,30,30,1,0,free
morning-rush,p-4-5,45.75708,21.23223,30,30,1,0,free
mid-morning,p-4-5,45.75708,21.23223,30,30,1,0,free
midday,p-4-5,45.75708,21.23223,30,30,1,0,free
afternoon-rush,p-4-5,45.75708,21.23223,30,30,1,0,free
evening,p-4-5,45.75708,21.23223,30,30,1,0,free
night,p-4-5,45.75708,21.23223,30,30,1,0,free
morning-rush,p-4-5,45.75689,21.2322,30,30,1,0,free
mid-morning,p-4-5,45.75689,21.2322,30,30,1,0,free
midday,p-4-5,45.75689,21.2322,30,30,1,0,free
afternoon-rush,p-4-5,45.75689,21.2322,30,30,1,0,free
evening,p-4-5,45.75689,21.2322,30,30,1,0,free
night,p-4-5,45.75689,21.2322,30,30,1,0,free
morning-rush,p-4-5,45.75668,21.23218,30,30,1,0,free
mid-morning,p-4-5,45.75668,21.23218,30,30,1,0,free
midday,p-4-5,45.75668,21.23218,30,30,1,0,free
afternoon-rush,p-4-5,45.75668,21.23218,30,30,1,0,free
evening,p-4-5,45.75668,21.23218,30,30,1,0,free
night,p-4-5,45.75668,21.23218,30,30,1,0,free
morning-rush,p-4-5,45.75663,21.23217,30,30,1,0,free
mid-morning,p-4-5,45.75663,21.23217,30,30,1,0,free
midday,p-4-5,45.75663,21.23217,30,30,1,0,free
afternoon-rush,p-4-5,45.75663,21.23217,30,30,1,0,free
evening,p-4-5,45.75663,21.23217,30,30,1,0,free
night,p-4-5,45.75663,21.23217,30,30,1,0,free
morning-rush,p-4-5,45.75661,21.23217,30,30,1,0,free
mid-morning,p-4-5,45.75661,21.23217,30,30,1,0,free
midday,p-4-5,45.75661,21.23217,30,30,1,0,free
afternoon-rush,p-4-5,45.75661,21.23217,30,30,1,0,free
evening,p-4-5,45.75661,21.23217,30,30,1,0,free
night,p-4-5,45.75661,21.23217,30,30,1,0,free
morning-rush,p-4-5,45.75657,21.23216,30,30,1,0,free
mid-morning,p-4-5,45.75657,21.23216,30,30,1,0,free
midday,p-4-5,45.75657,21.23216,30,30,1,0,free
afternoon-rush,p-4-5,45.75657,21.23216,30,30,1,0,free
evening,p-4-5,45.75657,21.23216,30,30,1,0,free
night,p-4-5,45.75657,21.23216,30,30,1,0,free
morning-rush,p-4-5,45.75653,21.23216,30,30,1,0,free
mid-morning,p-4-5,45.75653,21.23216,30,30,1,0,free
midday,p-4-5,45.75653,21.23216,30,30,1,0,free
afternoon-rush,p-4-5,45.75653,21.23216,30,30,1,0,free
evening,p-4-5,45.75653,21.23216,30,30,1,0,free
night,p-4-5,45.75653,21.23216,30,30,1,0,free
morning-rush,p-4-5,45.75649,21.23217,30,30,1,0,free
mid-morning,p-4-5,45.75649,21.23217,30,30,1,0,free
midday,p-4-5,45.75649,21.23217,30,30,1,0,free
afternoon-rush,p-4-5,45.75649,21.23217,30,30,1,0,free
evening,p-4-5,45.75649,21.23217,30,30,1,0,free
night,p-4-5,45.75649,21.23217,30,30,1,0,free
morning-rush,p-4-5,45.75646,21.23217,30,30,1,0,free
mid-morning,p-4-5,45.75646,21.23217,30,30,1,0,free
midday,p-4-5,45.75646,21.23217,30,30,1,0,free
afternoon-rush,p-4-5,45.75646,21.23217,30,30,1,0,free
evening,p-4-5,45.75646,21.23217,30,30,1,0,free
night,p-4-5,45.75646,21.23217,30,30,1,0,free
morning-rush,p-4-5,45.75645,21.23217,30,30,1,0,free
mid-morning,p-4-5,45.75645,21.23217,30,30,1,0,free
midday,p-4-5,45.75645,21.23217,30,30,1,0,free
afternoon-rush,p-4-5,45.75645,21.23217,30,30,1,0,free
evening,p-4-5,45.75645,21.23217,30,30,1,0,free
night,p-4-5,45.75645,21.23217,30,30,1,0,free
morning-rush,p-4-5,45.75642,21.23217,30,30,1,0,free
mid-morning,p-4-5,45.75642,21.23217,30,30,1,0,free
midday,p-4-5,45.75642,21.23217,30,30,1,0,free
afternoon-rush,p-4-5,45.75642,21.23217,30,30,1,0,free
evening,p-4-5,45.75642,21.23217,30,30,1,0,free
night,p-4-5,45.75642,21.23217,30,30,1,0,free
morning-rush,p-4-5,45.75622,21.23218,30,30,1,0,free
mid-morning,p-4-5,45.75622,21.23218,30,30,1,0,free
midday,p-4-5,45.75622,21.23218,30,30,1,0,free
afternoon-rush,p-4-5,45.75622,21.23218,30,30,1,0,free
evening,p-4-5,45.75622,21.23218,30,30,1,0,free
night,p-4-5,45.75622,21.23218,30,30,1,0,free
morning-rush,p-4-5,45.75607,21.23219,30,30,1,0,free
mid-morning,p-4-5,45.75607,21.23219,30,30,1,0,free
midday,p-4-5,45.75607,21.23219,30,30,1,0,free
afternoon-rush,p-4-5,45.75607,21.23219,30,30,1,0,free
evening,p-4-5,45.75607,21.23219,30,30,1,0,free
night,p-4-5,45.75607,21.23219,30,30,1,0,free
morning-rush,p-4-5,45.75582,21.23222,30,30,1,0,free
mid-morning,p-4-5,45.75582,21.23222,30,30,1,0,free
midday,p-4-5,45.75582,21.23222,30,30,1,0,free
afternoon-rush,p-4-5,45.75582,21.23222,30,30,1,0,free
evening,p-4-5,45.75582,21.23222,30,30,1,0,free
night,p-4-5,45.75582,21.23222,30,30,1,0,free
morning-rush,p-4-5,45.75577,21.23223,30,30,1,0,free
mid-morning,p-4-5,45.75577,21.23223,30,30,1,0,free
midday,p-4-5,45.75577,21.23223,30,30,1,0,free
afternoon-rush,p-4-5,45.75577,21.23223,30,30,1,0,free
evening,p-4-5,45.75577,21.23223,30,30,1,0,free
night,p-4-5,45.75577,21.23223,30,30,1,0,free
morning-rush,p-4-5,45.75574,21.23224,30,30,1,0,free
mid-morning,p-4-5,45.75574,21.23224,30,30,1,0,free
midday,p-4-5,45.75574,21.23224,30,30,1,0,free
afternoon-rush,p-4-5,45.75574,21.23224,30,30,1,0,free
evening,p-4-5,45.75574,21.23224,30,30,1,0,free
night,p-4-5,45.75574,21.23224,30,30,1,0,free
morning-rush,p-4-5,45.75571,21.23226,30,30,1,0,free
mid-morning,p-4-5,45.75571,21.23226,30,30,1,0,free
midday,p-4-5,45.75571,21.23226,30,30,1,0,free
afternoon-rush,p-4-5,45.75571,21.23226,30,30,1,0,free
evening,p-4-5,45.75571,21.23226,30,30,1,0,free
night,p-4-5,45.75571,21.23226,30,30,1,0,free
morning-rush,p-4-5,45.75569,21.23229,30,30,1,0,free
mid-morning,p-4-5,45.75569,21.23229,30,30,1,0,free
midday,p-4-5,45.75569,21.23229,30,30,1,0,free
afternoon-rush,p-4-5,45.75569,21.23229,30,30,1,0,free
evening,p-4-5,45.75569,21.23229,30,30,1,0,free
night,p-4-5,45.75569,21.23229,30,30,1,0,free
morning-rush,p-5-1,45.76665,21.19564,40,40,1,0,free
mid-morning,p-5-1,45.76665,21.19564,40,40,1,0,free
midday,p-5-1,45.76665,21.19564,40,40,1,0,free
afternoon-rush,p-5-1,45.76665,21.19564,40,40,1,0,free
evening,p-5-1,45.76665,21.19564,40,40,1,0,free
night,p-5-1,45.76665,21.19564,40,40,1,0,free
morning-rush,p-5-1,45.76667,21.19579,40,40,1,0,free
mid-morning,p-5-1,45.76667,21.19579,40,40,1,0,free
midday,p-5-1,45.76667,21.19579,40,40,1,0,free
afternoon-rush,p-5-1,45.76667,21.19579,40,40,1,0,free
evening,p-5-1,45.76667,21.19579,40,40,1,0,free
night,p-5-1,45.76667,21.19579,40,40,1,0,free
morning-rush,p-5-1,45.76667,21.19585,40,40,1,0,free
mid-morning,p-5-1,45.76667,21.19585,40,40,1,0,free
midday,p-5-1,45.76667,21.19585,40,40,1,0,free
afternoon-rush,p-5-1,45.76667,21.19585,40,40,1,0,free
evening,p-5-1,45.76667,21.19585,40,40,1,0,free
night,p-5-1,45.76667,21.19585,40,40,1,0,free
morning-rush,p-5-1,45.76668,21.19593,40,40,1,0,free
mid-morning,p-5-1,45.76668,21.19593,40,40,1,0,free
midday,p-5-1,45.76668,21.19593,40,40,1,0,free
afternoon-rush,p-5-1,45.76668,21.19593,40,40,1,0,free
evening,p-5-1,45.76668,21.19593,40,40,1,0,free
night,p-5-1,45.76668,21.19593,40,40,1,0,free
morning-rush,p-5-1,45.76669,21.19598,40,40,1,0,free
mid-morning,p-5-1,45.76669,21.19598,40,40,1,0,free
midday,p-5-1,45.76669,21.19598,40,40,1,0,free
afternoon-rush,p-5-1,45.76669,21.19598,40,40,1,0,free
evening,p-5-1,45.76669,21.19598,40,40,1,0,free
night,p-5-1,45.76669,21.19598,40,40,1,0,free
morning-rush,p-5-1,45.7666,21.19641,40,40,1,0,free
mid-morning,p-5-1,45.7666,21.19641,40,40,1,0,free
midday,p-5-1,45.7666,21.19641,40,40,1,0,free
afternoon-rush,p-5-1,45.7666,21.19641,40,40,1,0,free
evening,p-5-1,45.7666,21.19641,40,40,1,0,free
night,p-5-1,45.7666,21.19641,40,40,1,0,free
morning-rush,p-5-1,45.76629,21.19799,40,40,1,0,free
mid-morning,p-5-1,45.76629,21.19799,40,40,1,0,free
midday,p-5-1,45.76629,21.19799,40,40,1,0,free
afternoon-rush,p-5-1,45.76629,21.19799,40,40,1,0,free
evening,p-5-1,45.76629,21.19799,40,40,1,0,free
night,p-5-1,45.76629,21.19799,40,40,1,0,free
morning-rush,p-5-1,45.76627,21.1981,40,40,1,0,free
mid-morning,p-5-1,45.76627,21.1981,40,40,1,0,free
midday,p-5-1,45.76627,21.1981,40,40,1,0,free
afternoon-rush,p-5-1,45.76627,21.1981,40,40,1,0,free
evening,p-5-1,45.76627,21.1981,40,40,1,0,free
night,p-5-1,45.76627,21.1981,40,40,1,0,free
morning-rush,p-5-1,45.76601,21.19929,40,40,1,0,free
mid-morning,p-5-1,45.76601,21.19929,40,40,1,0,free
midday,p-5-1,45.76601,21.19929,40,40,1,0,free
afternoon-rush,p-5-1,45.76601,21.19929,40,40,1,0,free
evening,p-5-1,45.76601,21.19929,40,40,1,0,free
night,p-5-1,45.76601,21.19929,40,40,1,0,free
morning-rush,p-5-1,45.76578,21.20037,40,40,1,0,free
mid-morning,p-5-1,45.76578,21.20037,40,40,1,0,free
midday,p-5-1,45.76578,21.20037,40,40,1,0,free
afternoon-rush,p-5-1,45.76578,21.20037,40,40,1,0,free
evening,p-5-1,45.76578,21.20037,40,40,1,0,free
night,p-5-1,45.76578,21.20037,40,40,1,0,free
morning-rush,p-5-1,45.76575,21.20052,40,40,1,0,free
mid-morning,p-5-1,45.76575,21.20052,40,40,1,0,free
midday,p-5-1,45.76575,21.20052,40,40,1,0,free
afternoon-rush,p-5-1,45.76575,21.20052,40,40,1,0,free
evening,p-5-1,45.76575,21.20052,40,40,1,0,free
night,p-5-1,45.76575,21.20052,40,40,1,0,free
morning-rush,p-5-1,45.76521,21.20255,40,40,1,0,free
mid-morning,p-5-1,45.76521,21.20255,40,40,1,0,free
midday,p-5-1,45.76521,21.20255,40,40,1,0,free
afternoon-rush,p-5-1,45.76521,21.20255,40,40,1,0,free
evening,p-5-1,45.76521,21.20255,40,40,1,0,free
night,p-5-1,45.76521,21.20255,40,40,1,0,free
morning-rush,p-5-2,45.76451,21.20519,34,34,1,0,free
mid-morning,p-5-2,45.76451,21.20519,34,34,1,0,free
midday,p-5-2,45.76451,21.20519,34,34,1,0,free
afternoon-rush,p-5-2,45.76451,21.20519,34,34,1,0,free
evening,p-5-2,45.76451,21.20519,34,34,1,0,free
night,p-5-2,45.76451,21.20519,34,34,1,0,free
morning-rush,p-5-2,45.76439,21.20569,34,34,1,0,free
mid-morning,p-5-2,45.76439,21.20569,34,34,1,0,free
midday,p-5-2,45.76439,21.20569,34,34,1,0,free
afternoon-rush,p-5-2,45.76439,21.20569,34,34,1,0,free
evening,p-5-2,45.76439,21.20569,34,34,1,0,free
night,p-5-2,45.76439,21.20569,34,34,1,0,free
morning-rush,p-5-2,45.76435,21.20581,34,34,1,0,free
mid-morning,p-5-2,45.76435,21.20581,34,34,1,0,free
midday,p-5-2,45.76435,21.20581,34,34,1,0,free
afternoon-rush,p-5-2,45.76435,21.20581,34,34,1,0,free
evening,p-5-2,45.76435,21.20581,34,34,1,0,free
night,p-5-2,45.76435,21.20581,34,34,1,0,free
morning-rush,p-5-2,45.76417,21.20651,34,34,1,0,free
mid-morning,p-5-2,45.76417,21.20651,34,34,1,0,free
midday,p-5-2,45.76417,21.20651,34,34,1,0,free
afternoon-rush,p-5-2,45.76417,21.20651,34,34,1,0,free
evening,p-5-2,45.76417,21.20651,34,34,1,0,free
night,p-5-2,45.76417,21.20651,34,34,1,0,free
morning-rush,p-5-2,45.76412,21.20667,34,34,1,0,free
mid-morning,p-5-2,45.76412,21.20667,34,34,1,0,free
midday,p-5-2,45.76412,21.20667,34,34,1,0,free
afternoon-rush,p-5-2,45.76412,21.20667,34,34,1,0,free
evening,p-5-2,45.76412,21.20667,34,34,1,0,free
night,p-5-2,45.76412,21.20667,34,34,1,0,free
morning-rush,p-5-2,45.76384,21.20772,34,34,1,0,free
mid-morning,p-5-2,45.76384,21.20772,34,34,1,0,free
midday,p-5-2,45.76384,21.20772,34,34,1,0,free
afternoon-rush,p-5-2,45.76384,21.20772,34,34,1,0,free
evening,p-5-2,45.76384,21.20772,34,34,1,0,free
night,p-5-2,45.76384,21.20772,34,34,1,0,free
morning-rush,p-5-2,45.76378,21.20791,34,34,1,0,free
mid-morning,p-5-2,45.76378,21.20791,34,34,1,0,free
midday,p-5-2,45.76378,21.20791,34,34,1,0,free
afternoon-rush,p-5-2,45.76378,21.20791,34,34,1,0,free
evening,p-5-2,45.76378,21.20791,34,34,1,0,free
night,p-5-2,45.76378,21.20791,34,34,1,0,free
morning-rush,p-5-3,45.76101,21.21609,50,50,1,0,free
mid-morning,p-5-3,45.76101,21.21609,50,50,1,0,free
midday,p-5-3,45.76101,21.21609,50,50,1,0,free
afternoon-rush,p-5-3,45.76101,21.21609,50,50,1,0,free
evening,p-5-3,45.76101,21.21609,50,50,1,0,free
night,p-5-3,45.76101,21.21609,50,50,1,0,free
morning-rush,p-5-3,45.76142,21.21504,50,50,1,0,free
mid-morning,p-5-3,45.76142,21.21504,50,50,1,0,free
midday,p-5-3,45.76142,21.21504,50,50,1,0,free
afternoon-rush,p-5-3,45.76142,21.21504,50,50,1,0,free
evening,p-5-3,45.76142,21.21504,50,50,1,0,free
night,p-5-3,45.76142,21.21504,50,50,1,0,free
morning-rush,p-5-3,45.76171,21.2143,50,50,1,0,free
mid-morning,p-5-3,45.76171,21.2143,50,50,1,0,free
midday,p-5-3,45.76171,21.2143,50,50,1,0,free
afternoon-rush,p-5-3,45.76171,21.2143,50,50,1,0,free
evening,p-5-3,45.76171,21.2143,50,50,1,0,free
night,p-5-3,45.76171,21.2143,50,50,1,0,free
morning-rush,p-5-3,45.76196,21.21361,50,50,1,0,free
mid-morning,p-5-3,45.76196,21.21361,50,50,1,0,free
midday,p-5-3,45.76196,21.21361,50,50,1,0,free
afternoon-rush,p-5-3,45.76196,21.21361,50,50,1,0,free
evening,p-5-3,45.76196,21.21361,50,50,1,0,free
night,p-5-3,45.76196,21.21361,50,50,1,0,free
morning-rush,p-5-4,45.76289,21.22071,46,46,1,0,free
mid-morning,p-5-4,45.76289,21.22071,46,46,1,0,free
midday,p-5-4,45.76289,21.22071,46,46,1,0,free
afternoon-rush,p-5-4,45.76289,21.22071,46,46,1,0,free
evening,p-5-4,45.76289,21.22071,46,46,1,0,free
night,p-5-4,45.76289,21.22071,46,46,1,0,free
morning-rush,p-5-4,45.76295,21.22081,46,46,1,0,free
mid-morning,p-5-4,45.76295,21.22081,46,46,1,0,free
midday,p-5-4,45.76295,21.22081,46,46,1,0,free
afternoon-rush,p-5-4,45.76295,21.22081,46,46,1,0,free
evening,p-5-4,45.76295,21.22081,46,46,1,0,free
night,p-5-4,45.76295,21.22081,46,46,1,0,free
morning-rush,p-5-4,45.76308,21.22101,46,46,1,0,free
mid-morning,p-5-4,45.76308,21.22101,46,46,1,0,free
midday,p-5-4,45.76308,21.22101,46,46,1,0,free
afternoon-rush,p-5-4,45.76308,21.22101,46,46,1,0,free
evening,p-5-4,45.76308,21.22101,46,46,1,0,free
night,p-5-4,45.76308,21.22101,46,46,1,0,free
morning-rush,p-5-4,45.7633,21.22142,46,46,1,0,free
mid-morning,p-5-4,45.7633,21.22142,46,46,1,0,free
midday,p-5-4,45.7633,21.22142,46,46,1,0,free
afternoon-rush,p-5-4,45.7633,21.22142,46,46,1,0,free
evening,p-5-4,45.7633,21.22142,46,46,1,0,free
night,p-5-4,45.7633,21.22142,46,46,1,0,free
morning-rush,p-5-4,45.76343,21.22165,46,46,1,0,free
mid-morning,p-5-4,45.76343,21.22165,46,46,1,0,free
midday,p-5-4,45.76343,21.22165,46,46,1,0,free
afternoon-rush,p-5-4,45.76343,21.22165,46,46,1,0,free
evening,p-5-4,45.76343,21.22165,46,46,1,0,free
night,p-5-4,45.76343,21.22165,46,46,1,0,free
morning-rush,p-5-4,45.7635,21.22182,46,46,1,0,free
mid-morning,p-5-4,45.7635,21.22182,46,46,1,0,free
midday,p-5-4,45.7635,21.22182,46,46,1,0,free
afternoon-rush,p-5-4,45.7635,21.22182,46,46,1,0,free
evening,p-5-4,45.7635,21.22182,46,46,1,0,free
night,p-5-4,45.7635,21.22182,46,46,1,0,free
morning-rush,p-5-4,45.76355,21.22194,46,46,1,0,free
mid-morning,p-5-4,45.76355,21.22194,46,46,1,0,free
midday,p-5-4,45.76355,21.22194,46,46,1,0,free
afternoon-rush,p-5-4,45.76355,21.22194,46,46,1,0,free
evening,p-5-4,45.76355,21.22194,46,46,1,0,free
night,p-5-4,45.76355,21.22194,46,46,1,0,free
morning-rush,p-5-4,45.7636,21.22207,46,46,1,0,free
mid-morning,p-5-4,45.7636,21.22207,46,46,1,0,free
midday,p-5-4,45.7636,21.22207,46,46,1,0,free
afternoon-rush,p-5-4,45.7636,21.22207,46,46,1,0,free
evening,p-5-4,45.7636,21.22207,46,46,1,0,free
night,p-5-4,45.7636,21.22207,46,46,1,0,free
morning-rush,p-5-4,45.76367,21.22226,46,46,1,0,free
mid-morning,p-5-4,45.76367,21.22226,46,46,1,0,free
midday,p-5-4,45.76367,21.22226,46,46,1,0,free
afternoon-rush,p-5-4,45.76367,21.22226,46,46,1,0,free
evening,p-5-4,45.76367,21.22226,46,46,1,0,free
night,p-5-4,45.76367,21.22226,46,46,1,0,free
morning-rush,p-5-4,45.76373,21.22242,46,46,1,0,free
mid-morning,p-5-4,45.76373,21.22242,46,46,1,0,free
midday,p-5-4,45.76373,21.22242,46,46,1,0,free
afternoon-rush,p-5-4,45.76373,21.22242,46,46,1,0,free
evening,p-5-4,45.76373,21.22242,46,46,1,0,free
night,p-5-4,45.76373,21.22242,46,46,1,0,free
morning-rush,p-5-4,45.76377,21.2226,46,46,1,0,free
mid-morning,p-5-4,45.76377,21.2226,46,46,1,0,free
midday,p-5-4,45.76377,21.2226,46,46,1,0,free
afternoon-rush,p-5-4,45.76377,21.2226,46,46,1,0,free
evening,p-5-4,45.76377,21.2226,46,46,1,0,free
night,p-5-4,45.76377,21.2226,46,46,1,0,free
morning-rush,p-5-4,45.76382,21.22277,46,46,1,0,free
mid-morning,p-5-4,45.76382,21.22277,46,46,1,0,free
midday,p-5-4,45.76382,21.22277,46,46,1,0,free
afternoon-rush,p-5-4,45.76382,21.22277,46,46,1,0,free
evening,p-5-4,45.76382,21.22277,46,46,1,0,free
night,p-5-4,45.76382,21.22277,46,46,1,0,free
morning-rush,p-5-4,45.76388,21.22304,46,46,1,0,free
mid-morning,p-5-4,45.76388,21.22304,46,46,1,0,free
midday,p-5-4,45.76388,21.22304,46,46,1,0,free
afternoon-rush,p-5-4,45.76388,21.22304,46,46,1,0,free
evening,p-5-4,45.76388,21.22304,46,46,1,0,free
night,p-5-4,45.76388,21.22304,46,46,1,0,free
morning-rush,p-5-4,45.76393,21.22325,46,46,1,0,free
mid-morning,p-5-4,45.76393,21.22325,46,46,1,0,free
midday,p-5-4,45.76393,21.22325,46,46,1,0,free
afternoon-rush,p-5-4,45.76393,21.22325,46,46,1,0,free
evening,p-5-4,45.76393,21.22325,46,46,1,0,free
night,p-5-4,45.76393,21.22325,46,46,1,0,free
morning-rush,p-5-4,45.76398,21.22353,46,46,1,0,free
mid-morning,p-5-4,45.76398,21.22353,46,46,1,0,free
midday,p-5-4,45.76398,21.22353,46,46,1,0,free
afternoon-rush,p-5-4,45.76398,21.22353,46,46,1,0,free
evening,p-5-4,45.76398,21.22353,46,46,1,0,free
night,p-5-4,45.76398,21.22353,46,46,1,0,free
morning-rush,p-5-4,45.76402,21.22374,46,46,1,0,free
mid-morning,p-5-4,45.76402,21.22374,46,46,1,0,free
midday,p-5-4,45.76402,21.22374,46,46,1,0,free
afternoon-rush,p-5-4,45.76402,21.22374,46,46,1,0,free
evening,p-5-4,45.76402,21.22374,46,46,1,0,free
night,p-5-4,45.76402,21.22374,46,46,1,0,free
morning-rush,p-5-4,45.7641,21.22409,46,46,1,0,free
mid-morning,p-5-4,45.7641,21.22409,46,46,1,0,free
midday,p-5-4,45.7641,21.22409,46,46,1,0,free
afternoon-rush,p-5-4,45.7641,21.22409,46,46,1,0,free
evening,p-5-4,45.7641,21.22409,46,46,1,0,free
night,p-5-4,45.7641,21.22409,46,46,1,0,free
morning-rush,p-5-5,45.76781,21.22969,32,32,1,0,free
mid-morning,p-5-5,45.76781,21.22969,32,32,1,0,free
midday,p-5-5,45.76781,21.22969,32,32,1,0,free
afternoon-rush,p-5-5,45.76781,21.22969,32,32,1,0,free
evening,p-5-5,45.76781,21.22969,32,32,1,0,free
night,p-5-5,45.76781,21.22969,32,32,1,0,free
morning-rush,p-5-5,45.76769,21.22979,32,32,1,0,free
mid-morning,p-5-5,45.76769,21.22979,32,32,1,0,free
midday,p-5-5,45.76769,21.22979,32,32,1,0,free
afternoon-rush,p-5-5,45.76769,21.22979,32,32,1,0,free
evening,p-5-5,45.76769,21.22979,32,32,1,0,free
night,p-5-5,45.76769,21.22979,32,32,1,0,free
morning-rush,p-5-5,45.767,21.23037,32,32,1,0,free
mid-morning,p-5-5,45.767,21.23037,32,32,1,0,free
midday,p-5-5,45.767,21.23037,32,32,1,0,free
afternoon-rush,p-5-5,45.767,21.23037,32,32,1,0,free
evening,p-5-5,45.767,21.23037,32,32,1,0,free
night,p-5-5,45.767,21.23037,32,32,1,0,free
morning-rush,p-5-5,45.76684,21.23049,32,32,1,0,free
mid-morning,p-5-5,45.76684,21.23049,32,32,1,0,free
midday,p-5-5,45.76684,21.23049,32,32,1,0,free
afternoon-rush,p-5-5,45.76684,21.23049,32,32,1,0,free
evening,p-5-5,45.76684,21.23049,32,32,1,0,free
night,p-5-5,45.76684,21.23049,32,32,1,0,free
morning-rush,p-5-5,45.76679,21.23052,32,32,1,0,free
mid-morning,p-5-5,45.76679,21.23052,32,32,1,0,free
midday,p-5-5,45.76679,21.23052,32,32,1,0,free
afternoon-rush,p-5-5,45.76679,21.23052,32,32,1,0,free
evening,p-5-5,45.76679,21.23052,32,32,1,0,free
night,p-5-5,45.76679,21.23052,32,32,1,0,free
morning-rush,p-5-5,45.76667,21.2306,32,32,1,0,free
mid-morning,p-5-5,45.76667,21.2306,32,32,1,0,free
midday,p-5-5,45.76667,21.2306,32,32,1,0,free
afternoon-rush,p-5-5,45.76667,21.2306,32,32,1,0,free
evening,p-5-5,45.76667,21.2306,32,32,1,0,free
night,p-5-5,45.76667,21.2306,32,32,1,0,free
morning-rush,p-5-5,45.76665,21.23061,32,32,1,0,free
mid-morning,p-5-5,45.76665,21.23061,32,32,1,0,free
midday,p-5-5,45.76665,21.23061,32,32,1,0,free
afternoon-rush,p-5-5,45.76665,21.23061,32,32,1,0,free
evening,p-5-5,45.76665,21.23061,32,32,1,0,free
night,p-5-5,45.76665,21.23061,32,32,1,0,free
morning-rush,p-5-5,45.76661,21.23064,32,32,1,0,free
mid-morning,p-5-5,45.76661,21.23064,32,32,1,0,free
midday,p-5-5,45.76661,21.23064,32,32,1,0,free
afternoon-rush,p-5-5,45.76661,21.23064,32,32,1,0,free
evening,p-5-5,45.76661,21.23064,32,32,1,0,free
night,p-5-5,45.76661,21.23064,32,32,1,0,free
morning-rush,p-5-5,45.76648,21.2307,32,32,1,0,free
mid-morning,p-5-5,45.76648,21.2307,32,32,1,0,free
midday,p-5-5,45.76648,21.2307,32,32,1,0,free
afternoon-rush,p-5-5,45.76648,21.2307,32,32,1,0,free
evening,p-5-5,45.76648,21.2307,32,32,1,0,free
night,p-5-5,45.76648,21.2307,32,32,1,0,free
morning-rush,p-5-5,45.76625,21.23072,32,32,1,0,free
mid-morning,p-5-5,45.76625,21.23072,32,32,1,0,free
midday,p-5-5,45.76625,21.23072,32,32,1,0,free
afternoon-rush,p-5-5,45.76625,21.23072,32,32,1,0,free
evening,p-5-5,45.76625,21.23072,32,32,1,0,free
night,p-5-5,45.76625,21.23072,32,32,1,0,free
morning-rush,p-5-5,45.76606,21.23072,32,32,1,0,free
mid-morning,p-5-5,45.76606,21.23072,32,32,1,0,free
midday,p-5-5,45.76606,21.23072,32,32,1,0,free
afternoon-rush,p-5-5,45.76606,21.23072,32,32,1,0,free
evening,p-5-5,45.76606,21.23072,32,32,1,0,free
night,p-5-5,45.76606,21.23072,32,32,1,0,free
morning-rush,p-5-5,45.76605,21.23071,32,32,1,0,free
mid-morning,p-5-5,45.76605,21.23071,32,32,1,0,free
midday,p-5-5,45.76605,21.23071,32,32,1,0,free
afternoon-rush,p-5-5,45.76605,21.23071,32,32,1,0,free
evening,p-5-5,45.76605,21.23071,32,32,1,0,free
night,p-5-5,45.76605,21.23071,32,32,1,0,free
morning-rush,p-5-5,45.76596,21.23074,32,32,1,0,free
mid-morning,p-5-5,45.76596,21.23074,32,32,1,0,free
midday,p-5-5,45.76596,21.23074,32,32,1,0,free
afternoon-rush,p-5-5,45.76596,21.23074,32,32,1,0,free
evening,p-5-5,45.76596,21.23074,32,32,1,0,free
night,p-5-5,45.76596,21.23074,32,32,1,0,free
morning-rush,p-5-5,45.76589,21.23079,32,32,1,0,free
mid-morning,p-5-5,45.76589,21.23079,32,32,1,0,free
midday,p-5-5,45.76589,21.23079,32,32,1,0,free
afternoon-rush,p-5-5,45.76589,21.23079,32,32,1,0,free
evening,p-5-5,45.76589,21.23079,32,32,1,0,free
night,p-5-5,45.76589,21.23079,32,32,1,0,free
morning-rush,p-5-5,45.76583,21.23082,32,32,1,0,free
mid-morning,p-5-5,45.76583,21.23082,32,32,1,0,free
midday,p-5-5,45.76583,21.23082,32,32,1,0,free
afternoon-rush,p-5-5,45.76583,21.23082,32,32,1,0,free
evening,p-5-5,45.76583,21.23082,32,32,1,0,free
night,p-5-5,45.76583,21.23082,32,32,1,0,free
morning-rush,p-5-5,45.76567,21.23105,32,32,1,0,free
mid-morning,p-5-5,45.76567,21.23105,32,32,1,0,free
midday,p-5-5,45.76567,21.23105,32,32,1,0,free
afternoon-rush,p-5-5,45.76567,21.23105,32,32,1,0,free
evening,p-5-5,45.76567,21.23105,32,32,1,0,free
night,p-5-5,45.76567,21.23105,32,32,1,0,free
morning-rush,p-5-5,45.76559,21.23115,32,32,1,0,free
mid-morning,p-5-5,45.76559,21.23115,32,32,1,0,free
midday,p-5-5,45.76559,21.23115,32,32,1,0,free
afternoon-rush,p-5-5,45.76559,21.23115,32,32,1,0,free
evening,p-5-5,45.76559,21.23115,32,32,1,0,free
night,p-5-5,45.76559,21.23115,32,32,1,0,free
morning-rush,p-5-5,45.76546,21.23129,32,32,1,0,free
mid-morning,p-5-5,45.76546,21.23129,32,32,1,0,free
midday,p-5-5,45.76546,21.23129,32,32,1,0,free
afternoon-rush,p-5-5,45.76546,21.23129,32,32,1,0,free
evening,p-5-5,45.76546,21.23129,32,32,1,0,free
night,p-5-5,45.76546,21.23129,32,32,1,0,free
morning-rush,p-5-5,45.76529,21.2315,32,32,1,0,free
mid-morning,p-5-5,45.76529,21.2315,32,32,1,0,free
midday,p-5-5,45.76529,21.2315,32,32,1,0,free
afternoon-rush,p-5-5,45.76529,21.2315,32,32,1,0,free
evening,p-5-5,45.76529,21.2315,32,32,1,0,free
night,p-5-5,45.76529,21.2315,32,32,1,0,free
morning-rush,p-5-5,45.76496,21.23177,32,32,1,0,free
mid-morning,p-5-5,45.76496,21.23177,32,32,1,0,free
midday,p-5-5,45.76496,21.23177,32,32,1,0,free
afternoon-rush,p-5-5,45.76496,21.23177,32,32,1,0,free
evening,p-5-5,45.76496,21.23177,32,32,1,0,free
night,p-5-5,45.76496,21.23177,32,32,1,0,free
morning-rush,p-5-5,45.76493,21.23174,32,32,1,0,free
mid-morning,p-5-5,45.76493,21.23174,32,32,1,0,free
midday,p-5-5,45.76493,21.23174,32,32,1,0,free
afternoon-rush,p-5-5,45.76493,21.23174,32,32,1,0,free
evening,p-5-5,45.76493,21.23174,32,32,1,0,free
night,p-5-5,45.76493,21.23174,32,32,1,0,free
morning-rush,p-5-5,45.7649,21.23171,32,32,1,0,free
mid-morning,p-5-5,45.7649,21.23171,32,32,1,0,free
midday,p-5-5,45.7649,21.23171,32,32,1,0,free
afternoon-rush,p-5-5,45.7649,21.23171,32,32,1,0,free
evening,p-5-5,45.7649,21.23171,32,32,1,0,free
night,p-5-5,45.7649,21.23171,32,32,1,0,free
morning-rush,p-5-5,45.76486,21.23169,32,32,1,0,free
mid-morning,p-5-5,45.76486,21.23169,32,32,1,0,free
midday,p-5-5,45.76486,21.23169,32,32,1,0,free
afternoon-rush,p-5-5,45.76486,21.23169,32,32,1,0,free
evening,p-5-5,45.76486,21.23169,32,32,1,0,free
night,p-5-5,45.76486,21.23169,32,32,1,0,free
morning-rush,p-5-5,45.76482,21.23169,32,32,1,0,free
mid-morning,p-5-5,45.76482,21.23169,32,32,1,0,free
midday,p-5-5,45.76482,21.23169,32,32,1,0,free
afternoon-rush,p-5-5,45.76482,21.23169,32,32,1,0,free
evening,p-5-5,45.76482,21.23169,32,32,1,0,free
night,p-5-5,45.76482,21.23169,32,32,1,0,free
morning-rush,p-5-5,45.76478,21.23169,32,32,1,0,free
mid-morning,p-5-5,45.76478,21.23169,32,32,1,0,free
midday,p-5-5,45.76478,21.23169,32,32,1,0,free
afternoon-rush,p-5-5,45.76478,21.23169,32,32,1,0,free
evening,p-5-5,45.76478,21.23169,32,32,1,0,free
night,p-5-5,45.76478,21.23169,32,32,1,0,free
morning-rush,p-5-5,45.76475,21.23171,32,32,1,0,free
mid-morning,p-5-5,45.76475,21.23171,32,32,1,0,free
midday,p-5-5,45.76475,21.23171,32,32,1,0,free
afternoon-rush,p-5-5,45.76475,21.23171,32,32,1,0,free
evening,p-5-5,45.76475,21.23171,32,32,1,0,free
night,p-5-5,45.76475,21.23171,32,32,1,0,free
morning-rush,p-5-5,45.76471,21.23174,32,32,1,0,free
mid-morning,p-5-5,45.76471,21.23174,32,32,1,0,free
midday,p-5-5,45.76471,21.23174,32,32,1,0,free
afternoon-rush,p-5-5,45.76471,21.23174,32,32,1,0,free
evening,p-5-5,45.76471,21.23174,32,32,1,0,free
night,p-5-5,45.76471,21.23174,32,32,1,0,free
morning-rush,p-5-5,45.76468,21.23177,32,32,1,0,free
mid-morning,p-5-5,45.76468,21.23177,32,32,1,0,free
midday,p-5-5,45.76468,21.23177,32,32,1,0,free
afternoon-rush,p-5-5,45.76468,21.23177,32,32,1,0,free
evening,p-5-5,45.76468,21.23177,32,32,1,0,free
night,p-5-5,45.76468,21.23177,32,32,1,0,free
morning-rush,p-5-5,45.76466,21.23181,32,32,1,0,free
mid-morning,p-5-5,45.76466,21.23181,32,32,1,0,free
midday,p-5-5,45.76466,21.23181,32,32,1,0,free
afternoon-rush,p-5-5,45.76466,21.23181,32,32,1,0,free
evening,p-5-5,45.76466,21.23181,32,32,1,0,free
night,p-5-5,45.76466,21.23181,32,32,1,0,free
morning-rush,p-5-5,45.76464,21.23186,32,32,1,0,free
mid-morning,p-5-5,45.76464,21.23186,32,32,1,0,free
midday,p-5-5,45.76464,21.23186,32,32,1,0,free
afternoon-rush,p-5-5,45.76464,21.23186,32,32,1,0,free
evening,p-5-5,45.76464,21.23186,32,32,1,0,free
night,p-5-5,45.76464,21.23186,32,32,1,0,free
morning-rush,p-5-5,45.76463,21.23192,32,32,1,0,free
mid-morning,p-5-5,45.76463,21.23192,32,32,1,0,free
midday,p-5-5,45.76463,21.23192,32,32,1,0,free
afternoon-rush,p-5-5,45.76463,21.23192,32,32,1,0,free
evening,p-5-5,45.76463,21.23192,32,32,1,0,free
night,p-5-5,45.76463,21.23192,32,32,1,0,free
morning-rush,p-5-5,45.76462,21.23197,32,32,1,0,free
mid-morning,p-5-5,45.76462,21.23197,32,32,1,0,free
midday,p-5-5,45.76462,21.23197,32,32,1,0,free
afternoon-rush,p-5-5,45.76462,21.23197,32,32,1,0,free
evening,p-5-5,45.76462,21.23197,32,32,1,0,free
night,p-5-5,45.76462,21.23197,32,32,1,0,free
morning-rush,p-5-5,45.76463,21.23203,32,32,1,0,free
mid-morning,p-5-5,45.76463,21.23203,32,32,1,0,free
midday,p-5-5,45.76463,21.23203,32,32,1,0,free
afternoon-rush,p-5-5,45.76463,21.23203,32,32,1,0,free
evening,p-5-5,45.76463,21.23203,32,32,1,0,free
night,p-5-5,45.76463,21.23203,32,32,1,0,free
morning-rush,p-5-5,45.76464,21.23208,32,32,1,0,free
mid-morning,p-5-5,45.76464,21.23208,32,32,1,0,free
midday,p-5-5,45.76464,21.23208,32,32,1,0,free
afternoon-rush,p-5-5,45.76464,21.23208,32,32,1,0,free
evening,p-5-5,45.76464,21.23208,32,32,1,0,free
night,p-5-5,45.76464,21.23208,32,32,1,0,free
morning-rush,p-5-5,45.76451,21.23234,32,32,1,0,free
mid-morning,p-5-5,45.76451,21.23234,32,32,1,0,free
midday,p-5-5,45.76451,21.23234,32,32,1,0,free
afternoon-rush,p-5-5,45.76451,21.23234,32,32,1,0,free
evening,p-5-5,45.76451,21.23234,32,32,1,0,free
night,p-5-5,45.76451,21.23234,32,32,1,0,free
morning-rush,p-5-5,45.76449,21.2324,32,32,1,0,free
mid-morning,p-5-5,45.76449,21.2324,32,32,1,0,free
midday,p-5-5,45.76449,21.2324,32,32,1,0,free
afternoon-rush,p-5-5,45.76449,21.2324,32,32,1,0,free
evening,p-5-5,45.76449,21.2324,32,32,1,0,free
night,p-5-5,45.76449,21.2324,32,32,1,0,free
morning-rush,p-5-5,45.76439,21.23248,32,32,1,0,free
mid-morning,p-5-5,45.76439,21.23248,32,32,1,0,free
midday,p-5-5,45.76439,21.23248,32,32,1,0,free
afternoon-rush,p-5-5,45.76439,21.23248,32,32,1,0,free
evening,p-5-5,45.76439,21.23248,32,32,1,0,free
night,p-5-5,45.76439,21.23248,32,32,1,0,free
morning-rush,p-5-5,45.76408,21.23272,32,32,1,0,free
mid-morning,p-5-5,45.76408,21.23272,32,32,1,0,free
midday,p-5-5,45.76408,21.23272,32,32,1,0,free
afternoon-rush,p-5-5,45.76408,21.23272,32,32,1,0,free
evening,p-5-5,45.76408,21.23272,32,32,1,0,free
night,p-5-5,45.76408,21.23272,32,32,1,0,free
morning-rush,p-5-5,45.76394,21.23283,32,32,1,0,free
mid-morning,p-5-5,45.76394,21.23283,32,32,1,0,free
midday,p-5-5,45.76394,21.23283,32,32,1,0,free
afternoon-rush,p-5-5,45.76394,21.23283,32,32,1,0,free
evening,p-5-5,45.76394,21.23283,32,32,1,0,free
night,p-5-5,45.76394,21.23283,32,32,1,0,free
morning-rush,p-5-5,45.76382,21.2329,32,32,1,0,free
mid-morning,p-5-5,45.76382,21.2329,32,32,1,0,free
midday,p-5-5,45.76382,21.2329,32,32,1,0,free
afternoon-rush,p-5-5,45.76382,21.2329,32,32,1,0,free
evening,p-5-5,45.76382,21.2329,32,32,1,0,free
night,p-5-5,45.76382,21.2329,32,32,1,0,free
morning-rush,p-5-5,45.76373,21.23294,32,32,1,0,free
mid-morning,p-5-5,45.76373,21.23294,32,32,1,0,free
midday,p-5-5,45.76373,21.23294,32,32,1,0,free
afternoon-rush,p-5-5,45.76373,21.23294,32,32,1,0,free
evening,p-5-5,45.76373,21.23294,32,32,1,0,free
night,p-5-5,45.76373,21.23294,32,32,1,0,free
morning-rush,p-5-5,45.76358,21.23299,32,32,1,0,free
mid-morning,p-5-5,45.76358,21.23299,32,32,1,0,free
midday,p-5-5,45.76358,21.23299,32,32,1,0,free
afternoon-rush,p-5-5,45.76358,21.23299,32,32,1,0,free
evening,p-5-5,45.76358,21.23299,32,32,1,0,free
night,p-5-5,45.76358,21.23299,32,32,1,0,free
morning-rush,p-5-5,45.76345,21.233,32,32,1,0,free
mid-morning,p-5-5,45.76345,21.233,32,32,1,0,free
midday,p-5-5,45.76345,21.233,32,32,1,0,free
afternoon-rush,p-5-5,45.76345,21.233,32,32,1,0,free
evening,p-5-5,45.76345,21.233,32,32,1,0,free
night,p-5-5,45.76345,21.233,32,32,1,0,free
morning-rush,p-5-5,45.76315,21.23302,32,32,1,0,free
mid-morning,p-5-5,45.76315,21.23302,32,32,1,0,free
midday,p-5-5,45.76315,21.23302,32,32,1,0,free
afternoon-rush,p-5-5,45.76315,21.23302,32,32,1,0,free
evening,p-5-5,45.76315,21.23302,32,32,1,0,free
night,p-5-5,45.76315,21.23302,32,32,1,0,free
morning-rush,p-5-5,45.76308,21.23301,32,32,1,0,free
mid-morning,p-5-5,45.76308,21.23301,32,32,1,0,free
midday,p-5-5,45.76308,21.23301,32,32,1,0,free
afternoon-rush,p-5-5,45.76308,21.23301,32,32,1,0,free
evening,p-5-5,45.76308,21.23301,32,32,1,0,free
night,p-5-5,45.76308,21.23301,32,32,1,0,free